id,first_name,last_name,race,county,num_children,income,age_group,ssn
1,Agnese,Ward,race2,?,3,34158,group1,640-55-1881
2,Winny,Ward,race3,county1,4,96880,group2,621-26-2845
3,Lazarus,Elliott,?,county1,0,109679,group3,?
4,Owen,Hawkins,?,county3,3,119566,group3,?
5,Sapphira,Watson,race3,county1,3,294970,group1,819-41-9160
6,Syman,Hawkins,race1,county3,4,28899,group3,761-95-1363
7,Bathsheba,Brooks,race1,county3,1,58192,group3,452-97-3911
8,Sonnie,Cannon,race1,county4,1,291792,group3,413-59-9424
9,Christian,Scott,race1,county3,0,43473,group3,469-14-4864
10,Adey,Hawkins,race1,county1,2,282467,group3,256-62-0680
11,Karlie,Elliott,race1,county4,5,207916,group1,193-71-5395
12,Velvet,Waters,race2,county1,1,71571,group1,353-87-0672
13,Miles,Lawson,race3,county1,1,165139,group3,482-04-7620
14,Trix,Watson,race3,county2,4,50727,group2,866-47-3296
15,Tully,Casey,race2,county3,5,93837,group3,246-51-6367
16,Ollie,Scott,race1,county1,1,222338,group3,194-57-5952
17,Orelee,Quinn,race2,county3,4,104794,group3,742-52-6497
18,Frants,Frank,race1,county3,3,101896,group1,514-98-1373
19,Mignon,Hale,race2,?,5,145671,group2,272-58-0915
20,Bobina,Watson,race2,county3,4,271349,group1,734-82-0686
21,Devlin,Hoffman,race1,county1,4,252974,group2,745-71-9494
22,Elane,Lawson,race1,county1,4,163077,group3,367-58-3753
23,Ashely,Owen,race2,county3,3,59598,group3,278-98-4164
24,Rochell,Le,race2,county3,2,44089,group1,214-41-2072
25,Nanete,Casey,race3,county1,5,177290,group2,490-28-4371
26,Gabrielle,Frank,race3,?,1,229828,group1,160-73-4122
27,Dimitri,Le,race1,county2,0,237501,group1,498-29-9454
28,Luke,Cervantes,race1,county3,4,259628,group2,519-23-7526
29,Chery,Elliott,race2,county3,0,17564,group3,356-89-9797
30,Marianna,Waters,race3,county1,3,162323,group2,529-78-6363
31,Jillane,Hoffman,?,county4,5,24586,group1,?
32,Kalila,Cannon,race2,county2,1,233069,group1,856-06-5155
33,Selle,Hale,?,county1,1,204123,group2,512-38-1131
34,Terra,Waters,race1,county1,4,296510,group2,859-24-9425
35,Dall,Le,race1,county4,3,156541,group2,314-35-3111
36,Osborne,Pollard,race3,county1,3,239160,group3,153-25-4232
37,Vasily,Hale,?,county1,4,221232,group3,281-48-5993
38,Blair,Cervantes,race3,county1,3,211964,group1,785-69-3238
39,Margaux,Cannon,race3,county1,5,52994,group2,114-82-3383
40,Melita,Watson,race2,county4,5,52943,group2,467-20-9432
41,Shelia,Owen,race2,county2,2,155705,group2,294-87-9348
42,Stavro,Quinn,race1,county4,4,21197,group1,512-54-1238
43,Wandie,Elliott,race2,county1,1,242668,group1,665-87-2467
44,Sarina,Scott,race1,county3,3,142894,group1,295-98-4371
45,Michele,Hoffman,race2,county3,5,109882,group1,183-06-4409
46,Gerrie,Elliott,race3,county1,3,167791,group2,276-20-0802
47,Lamont,Quinn,race1,county2,5,270373,group1,328-19-0466
48,Teriann,Owen,race1,county3,0,65127,group2,844-31-9800
49,Brigg,Cannon,?,county1,0,75330,group1,?
50,Jillie,Elliott,race2,county2,3,203076,group3,708-54-6929
51,Bevin,Hoffman,race1,county1,1,28103,group2,198-91-3629
52,Devina,Watson,race2,county2,4,145768,group2,516-95-3538
53,Malissia,Hawkins,race2,county3,3,112443,group3,454-88-4740
54,Caprice,Hawkins,race1,county4,5,248606,group3,200-27-2695
55,Sander,Lawson,?,county3,5,102775,group2,?
56,Thaddeus,Waters,race3,county1,3,115166,group2,673-59-8982
57,Kilian,Scott,?,county1,2,13872,group3,790-13-6105
58,Gianina,Cervantes,race2,county4,0,62332,group1,355-72-6526
59,Jacky,Elliott,?,county3,0,222949,group2,?
60,Marice,Hale,?,county2,0,13273,group1,?
61,Risa,Watson,race2,county1,2,158621,group3,111-96-7618
62,Nerti,Lawson,race3,county1,5,29213,group3,212-93-2763
63,Man,Frank,race1,county2,5,256220,group2,482-56-3546
64,Karalee,Elliott,race1,county1,3,206369,group2,147-21-1023
65,Ranna,Wilkerson,race3,county1,3,58714,group1,556-08-2018
66,Mick,Ward,race1,county2,1,287933,group2,653-07-5182
67,Vinnie,Hawkins,race3,county1,5,182187,group1,187-22-4656
68,Haroun,Watson,race2,county2,2,226934,group2,711-06-2571
69,Winni,Casey,?,county4,3,246923,group3,?
70,Rourke,Brooks,race2,county2,3,225084,group2,231-67-3421
71,Darrel,Wilkerson,race3,county1,0,45282,group1,478-83-6291
72,Izaak,Frank,race3,county1,4,253916,group1,412-25-0556
73,Leyla,Quinn,race2,county4,2,254265,group2,742-82-7874
74,Isidor,Cannon,race2,county4,1,241911,group1,212-21-5077
75,Zora,Kirk,race1,county2,1,273174,group2,868-27-9676
76,Trisha,Hale,race3,county1,1,116518,group3,286-17-2765
77,Ronnie,Owen,race2,county1,3,198916,group2,254-54-0996
78,Rowe,Quinn,race2,county1,2,47037,group2,669-61-5483
79,Rolph,Hoffman,race3,county1,5,91236,group3,852-83-2966
80,Geralda,Hawkins,race1,county2,1,206919,group3,613-77-3715
81,Phedra,Hoffman,race3,county1,1,58010,group2,748-65-5254
82,Claudio,Owen,race1,county3,3,186372,group3,354-02-4531
83,Jobey,Ward,race3,county1,2,53732,group3,474-42-5392
84,Christen,Elliott,race2,county2,0,231374,group1,134-03-5340
85,Dulsea,Pollard,?,county1,4,86989,group1,?
86,Bianka,Waters,race2,?,2,161765,group3,662-01-2081
87,Arlette,Hoffman,?,county1,0,12550,group3,?
88,Chrysa,Hawkins,?,county4,2,142714,group1,?
89,Sylvester,Cannon,race3,county1,1,104382,group2,410-49-8422
90,Darryl,Waters,race2,county4,0,265020,group2,170-02-1048
91,Mozes,Cervantes,race2,county4,3,221623,group2,538-06-8227
92,Georgi,Scott,race1,county3,2,278281,group1,147-11-4970
93,Thaddeus,Waters,race1,?,5,196806,group3,643-75-6824
94,Annecorinne,Hoffman,race2,county4,1,10648,group1,137-01-0061
95,Tanitansy,Pollard,race2,county2,0,54932,group3,149-66-6742
96,Bobbee,Quinn,race3,county1,4,226732,group1,278-77-8773
97,Ofella,Watson,race3,county1,5,264752,group2,707-66-2066
98,Miof mela,Lawson,race3,county1,5,299943,group1,285-60-2284
99,Kori,Hale,race1,county4,1,132688,group2,720-59-7183
100,Kort,Brooks,race2,county2,0,125092,group2,616-17-2191
101,Lana,Hoffman,race3,county1,0,209847,group1,134-60-4679
102,Case,Frank,race1,county4,0,23362,group1,480-54-5874
103,Guenna,Elliott,race2,county2,2,192333,group3,343-68-5148
104,Bernhard,Frank,race2,county3,2,154020,group3,262-20-8363
105,Gustavus,Brooks,race2,county2,1,272108,group3,832-24-8497
106,Harper,Hoffman,race1,county1,4,185558,group3,735-49-2740
107,Jard,Le,race3,county3,0,249030,group2,754-50-9261
108,Dulcinea,Hoffman,race3,county1,5,138108,group1,624-88-5242
109,Erminie,Pollard,race2,county4,2,36109,group3,468-66-6515
110,Reta,Brooks,race2,county1,4,204334,group2,431-23-9012
111,Derk,Pollard,race1,county2,3,205900,group3,690-08-6375
112,Danny,Owen,race2,county4,3,192298,group3,637-20-8677
113,Daphna,Wilkerson,race1,county3,1,144744,group3,643-91-8355
114,Rolando,Casey,race1,county1,1,135576,group3,645-73-0750
115,Hannis,Hoffman,race3,county1,4,174045,group3,504-06-8105
116,Mirabelle,Ward,race3,county1,4,157543,group2,579-72-0687
117,Mellisa,Quinn,race3,county1,0,114331,group3,893-77-2293
118,Jeremiah,Scott,race3,county1,2,276287,group2,553-93-2140
119,Michele,Elliott,?,county2,4,107465,group3,?
120,Abey,Elliott,race2,county4,0,68008,group1,334-51-2279
121,Etienne,Quinn,?,county2,2,34931,group2,?
122,Brooke,Quinn,race3,county1,5,122251,group2,299-58-3182
123,Moyra,Hoffman,race1,county2,4,99683,group1,260-63-6309
124,Angelica,Brooks,race1,county4,5,52387,group2,745-27-1782
125,Pier,Hale,race1,county2,0,17039,group3,434-03-3411
126,Suzann,Owen,race3,county1,5,264643,group1,760-53-5577
127,Birk,Lawson,race2,county1,2,202520,group2,431-82-3940
128,Waldemar,Elliott,race3,county1,1,195817,group3,575-91-8880
129,Logan,Le,race1,county2,5,250357,group3,783-27-5009
130,Collette,Ward,race2,county3,4,92172,group1,637-39-5577
131,Karol,Le,?,county1,2,279231,group3,685-25-6885
132,Aigneis,Le,race3,county1,4,184128,group1,812-29-1519
133,Clayton,Watson,race3,county1,2,266854,group2,487-99-6096
134,Avivah,Hoffman,race3,county1,4,48583,group1,410-20-0904
135,Fransisco,Owen,race2,county3,0,270403,group1,518-88-6810
136,Dewey,Waters,race3,county1,0,191678,group2,508-51-0150
137,Lilah,Casey,race1,county4,2,155143,group2,473-81-2227
138,Eustace,Waters,race1,?,3,241597,group2,504-26-3246
139,Cristie,Hoffman,race1,county1,3,269613,group1,369-09-7256
140,Hartley,Pollard,?,county1,2,292314,group1,534-49-5426
141,Shelley,Pollard,race1,county2,0,117658,group1,436-84-2786
142,Bastian,Lawson,race3,county1,5,87256,group3,411-52-8284
143,Ashla,Hawkins,race1,county4,1,214306,group1,770-24-7205
144,Aloin,Brooks,race2,county4,1,173951,group1,658-81-4532
145,Ebenezer,Frank,race2,?,3,276236,group1,855-81-1367
146,Nikita,Le,race3,county2,0,214182,group3,869-89-1533
147,Bridgette,Owen,race2,county3,0,85722,group3,256-81-9768
148,Dallis,Lawson,?,county2,1,264188,group1,?
149,Hendrika,Frank,?,county1,0,223175,group3,?
150,Osmond,Pollard,race3,county1,3,217651,group1,514-71-9465
151,Gweneth,Hawkins,race2,county3,4,113396,group1,640-35-8596
152,Diann,Ward,race3,county3,4,270658,group3,437-61-0453
153,Barbey,Hale,race3,county1,3,297407,group1,318-67-1035
154,Austin,Lawson,race3,county1,4,92367,group2,280-89-4953
155,Alwyn,Cannon,race2,county4,0,252657,group3,698-58-5676
156,Jose,Frank,race3,county1,4,176090,group3,653-48-9285
157,Krissy,Owen,race3,county1,4,66496,group2,796-64-3971
158,Boote,Owen,race2,county3,5,113087,group2,242-02-2149
159,Bette,Wilkerson,race1,county2,5,236118,group3,430-23-4683
160,Zsa zsa,Ward,?,county3,2,181188,group3,?
161,Marita,Owen,race2,county3,3,141656,group1,553-47-3021
162,Lelah,Hawkins,?,county1,5,19821,group1,244-40-0076
163,Jaine,Cannon,?,county3,3,89173,group3,?
164,Gaultiero,Watson,race3,county1,0,57767,group3,821-04-8712
165,Reba,Wilkerson,race2,county4,5,223432,group2,846-32-8232
166,Jehanna,Pollard,race1,county1,0,84732,group2,399-06-9129
167,Ashby,Frank,race1,county3,0,20853,group1,131-05-8686
168,Barth,Frank,race2,county2,4,139352,group3,333-58-2424
169,Hewett,Wilkerson,race2,county4,1,12230,group3,836-85-4425
170,Judie,Elliott,race2,county1,2,214902,group3,232-58-7089
171,Domenic,Waters,race3,county1,1,148274,group1,842-52-5243
172,Claudius,Hale,race3,county1,4,66313,group2,447-87-3829
173,Loralyn,Frank,?,county2,5,226749,group1,161-54-4147
174,Wileen,Brooks,race3,county1,5,12595,group1,463-37-3926
175,Donal,Frank,race3,county1,1,42760,group2,580-84-5748
176,Tommy,Cervantes,race1,county3,5,266442,group1,889-24-4360
177,Cariotta,Scott,race1,county1,5,245033,group3,597-44-1545
178,Jedd,Cannon,race2,county3,3,135277,group2,895-02-7134
179,Eward,Elliott,race3,county1,2,64265,group3,643-38-7349
180,Kahaleel,Cannon,race3,county1,2,262781,group2,787-12-3355
181,Babita,Hawkins,race2,county2,1,250894,group2,330-16-8306
182,Ciel,Elliott,race3,county1,5,217261,group2,174-61-5962
183,Filmer,Frank,race2,county2,1,118563,group1,118-79-4889
184,Merridie,Cannon,race3,county1,5,244410,group1,111-36-3211
185,Gib,Le,race3,county1,5,164797,group3,884-71-0005
186,Forbes,Elliott,race1,?,2,43245,group3,859-41-3100
187,Lori,Scott,race2,county2,1,35256,group1,304-71-7254
188,Jacenta,Wilkerson,race3,county1,3,283939,group3,661-98-9297
189,Rockwell,Scott,race2,county3,5,155004,group2,165-36-6289
190,Cody,Casey,race2,county4,0,157134,group3,859-62-0015
191,Joellyn,Hoffman,race1,county2,1,179776,group1,435-15-6699
192,Carrol,Pollard,race3,county1,4,276814,group3,153-98-5009
193,Abbi,Cannon,race1,county3,2,77998,group1,813-65-2927
194,Stanley,Hawkins,race3,county1,0,278954,group1,436-43-3042
195,Kevon,Frank,?,county1,4,269164,group2,116-81-4203
196,Rogers,Pollard,race2,county3,0,194362,group3,519-05-8171
197,Fayina,Quinn,race2,county3,1,88608,group2,172-20-8194
198,Kimberley,Hoffman,race3,county1,2,228873,group3,267-54-5300
199,Mari,Cannon,race2,?,2,294125,group1,701-52-0072
200,Harris,Ward,race3,county1,4,154387,group1,478-46-2995
201,Corrie,Owen,race2,county4,1,180658,group1,152-44-7696
202,Fairleigh,Pollard,race1,county1,1,69791,group2,567-11-4541
203,Toiboid,Casey,race2,county3,5,27423,group1,846-82-6631
204,Erinna,Hawkins,race2,county3,5,216500,group2,288-74-3813
205,Michal,Quinn,race1,county3,1,104198,group2,288-80-9492
206,Geno,Lawson,?,county1,4,234607,group3,800-35-7401
207,Christy,Owen,race2,county4,5,151269,group3,377-95-4973
208,Lou,Elliott,race3,?,1,229696,group3,232-69-0363
209,Lexi,Elliott,race2,county4,3,140531,group3,492-51-3515
210,Nelli,Frank,race2,county4,4,37148,group2,533-38-0422
211,Ginevra,Hale,race2,county4,3,167495,group3,460-31-4556
212,Winn,Hawkins,race1,county1,3,125350,group3,103-90-2868
213,Wallace,Quinn,race1,county2,2,192317,group1,892-30-9471
214,Corabelle,Cervantes,race2,county4,0,26809,group2,663-11-6955
215,Zane,Kirk,race1,county2,5,131022,group3,634-62-0249
216,Romona,Elliott,?,county3,1,75177,group3,?
217,Ceciley,Lawson,race2,county4,3,249057,group3,141-50-6898
218,Morey,Hawkins,race2,county3,3,111112,group3,667-70-8678
219,Deeann,Scott,race1,county4,3,152347,group1,432-15-0311
220,Dar,Elliott,race1,county1,4,265593,group1,260-12-4687
221,Wells,Frank,race2,county3,1,108572,group3,858-30-9285
222,Winifield,Owen,?,?,3,34031,group1,209-78-6511
223,Krishnah,Hoffman,race2,county2,4,268258,group2,741-08-9412
224,Ina,Hale,race2,county4,4,223863,group3,146-17-3977
225,Niccolo,Cervantes,race1,county1,2,37862,group3,774-82-5332
226,Jourdan,Waters,race2,county3,5,44716,group2,440-05-3561
227,Julieta,Ward,race3,county1,1,195228,group2,705-32-3052
228,Isac,Hoffman,race3,county1,3,263951,group3,748-44-2974
229,Kip,Quinn,race3,county1,5,152629,group3,780-41-8774
230,Sheree,Hawkins,race1,county2,0,224567,group3,809-88-9256
231,Ronnie,Le,race1,county3,5,130799,group2,293-74-4155
232,Kyla,Lawson,race2,county4,4,140873,group3,882-26-5669
233,Effie,Ward,race2,county2,1,232944,group3,402-15-3079
234,Barri,Hawkins,race3,county1,3,228078,group1,795-46-9641
235,Sibeal,Waters,race3,county1,5,216193,group3,360-27-0517
236,Rafa,Le,race3,county1,1,135973,group2,635-23-6522
237,Land,Cervantes,race3,county1,1,191778,group3,363-90-2086
238,Corena,Hawkins,race2,county1,1,79711,group2,512-82-3446
239,Faulkner,Cervantes,race3,?,5,291993,group2,130-87-0545
240,Freda,Lawson,race3,county1,3,169760,group2,641-45-9000
241,Dale,Brooks,race2,county2,1,267232,group1,590-15-8561
242,Ania,Ward,race1,county3,0,153457,group2,444-03-4269
243,Lissi,Elliott,race2,county3,0,292252,group3,835-82-6903
244,Joyce,Watson,race1,county3,0,183886,group1,358-57-6222
245,Reeta,Lawson,race2,county3,1,145221,group2,859-89-4049
246,Marty,Ward,race2,county4,2,15779,group2,194-81-1446
247,Jennie,Le,race1,county4,5,153230,group2,406-81-7478
248,Arv,Quinn,race2,county4,4,233020,group1,551-14-9751
249,Haily,Cannon,race1,county1,4,117088,group1,774-12-4116
250,Yankee,Brooks,race1,county2,5,236017,group2,820-61-5760
251,Bobby,Quinn,race3,county1,3,154830,group2,698-81-8980
252,Wat,Lawson,race2,county2,3,85994,group3,537-19-1461
253,Dillon,Hale,race3,county1,4,225479,group3,231-25-6381
254,Addison,Casey,race2,county4,0,297327,group2,814-60-6506
255,Aubrette,Watson,race2,county3,4,133028,group3,575-18-8100
256,Saidee,Watson,race3,county1,2,152033,group2,832-24-1445
257,Garner,Wilkerson,race3,county1,5,153826,group3,504-56-5177
258,Artur,Watson,race2,county4,2,181134,group2,270-61-7835
259,Salim,Hawkins,race3,county1,0,43698,group2,685-29-5509
260,Livy,Hale,?,county3,5,84792,group1,?
261,Evangeline,Cervantes,race3,county1,0,60658,group3,705-99-3976
262,Welsh,Ward,race2,county3,0,217715,group2,572-98-6948
263,Natale,Casey,race1,county3,1,41561,group1,840-43-3321
264,Keelia,Lawson,?,county4,4,22636,group3,?
265,Buckie,Cannon,race1,county4,4,131854,group1,609-75-9262
266,Tiertza,Waters,race3,county1,0,40510,group1,531-48-2590
267,Madelon,Waters,race3,county1,3,164699,group2,734-94-5179
268,Oates,Hale,race2,county3,1,72099,group3,862-61-3630
269,Ailyn,Owen,?,county1,1,180287,group2,564-87-9551
270,Morganica,Owen,race2,county3,0,70163,group2,321-45-9556
271,Pepe,Hale,race2,county2,3,53100,group2,839-23-5111
272,Elliott,Le,race3,county1,1,176880,group1,325-23-0864
273,Hyacintha,Casey,race3,county1,2,269516,group3,597-62-3680
274,Sharia,Ward,race2,county1,1,272640,group2,342-40-5709
275,Myer,Hale,race2,county2,4,222459,group1,836-68-0546
276,Adan,Hoffman,race1,county2,3,85891,group3,187-79-5547
277,Demott,Le,race3,county1,5,166362,group2,711-57-2916
278,Mirilla,Waters,race2,county4,1,60800,group1,199-26-6065
279,Marilee,Pollard,race3,county1,4,64729,group2,484-72-9069
280,Fabe,Ward,race3,county1,0,183860,group1,756-58-8266
281,Merrili,Lawson,race2,county1,3,36467,group3,693-33-5373
282,Oralie,Hoffman,race1,county1,0,172962,group2,449-35-0545
283,Liza,Le,race1,county4,5,260469,group3,878-45-2691
284,Domingo,Pollard,race3,county1,3,156865,group3,358-37-3776
285,Gaynor,Cannon,race1,county1,5,191472,group2,306-81-4856
286,Lynna,Owen,race3,county1,3,182627,group1,783-68-1500
287,Maryann,Pollard,race1,county2,5,289161,group1,711-77-1510
288,Sax,Lawson,race3,county1,0,269644,group1,569-75-7034
289,Shea,Ward,race3,county1,3,184492,group3,835-87-2017
290,Sherry,Brooks,race1,county4,4,100181,group2,452-05-9727
291,Kirby,Hale,race2,county4,0,169403,group1,141-92-8234
292,Melessa,Owen,race2,county4,2,21848,group3,307-51-4844
293,Gavin,Hoffman,race1,county4,5,18134,group2,276-79-8467
294,Marylinda,Lawson,race2,county3,1,214656,group3,783-04-2063
295,Pearle,Pollard,race3,county1,1,201465,group3,108-64-0826
296,Demetra,Quinn,race3,county1,4,68136,group1,511-53-3765
297,Bernard,Quinn,race3,county1,0,225407,group1,219-47-6706
298,Erinn,Scott,race2,county2,0,86431,group3,116-36-5553
299,Bary,Elliott,race1,county4,3,270276,group2,717-43-7969
300,Marris,Casey,race1,county4,2,93980,group1,200-99-2666
301,Virgilio,Owen,race2,county2,3,144227,group3,370-24-3352
302,Gustie,Quinn,race2,county3,2,126852,group2,302-08-7137
303,Grier,Ward,race2,county2,4,274649,group3,340-86-8150
304,Hamilton,Owen,race3,?,1,254516,group2,201-19-0088
305,Roxie,Pollard,?,county4,2,237004,group2,?
306,Colette,Watson,?,county3,3,117050,group3,?
307,Fabio,Lawson,race3,county1,5,53782,group3,259-31-4868
308,Lamont,Brooks,race3,county1,0,154361,group3,343-13-2101
309,Fidel,Wilkerson,race2,county3,3,65410,group3,683-87-6775
310,Lainey,Scott,race1,county1,5,252745,group1,366-53-7902
311,Albert,Owen,race3,county1,5,227051,group3,300-06-1842
312,Bryn,Lawson,race3,county1,5,182162,group2,495-28-0602
313,Harri,Ward,race3,county1,1,169777,group3,387-43-0014
314,Brit,Hale,race2,county2,3,233190,group3,800-51-2866
315,Isidora,Hawkins,race2,county3,1,131367,group2,863-06-0947
316,Sholom,Hawkins,race2,county1,5,160753,group1,273-15-0090
317,Lauren,Hale,race3,county1,1,37599,group2,620-81-1847
318,Betti,Casey,?,county2,4,49085,group3,?
319,Inessa,Elliott,race1,county3,1,285718,group1,205-28-3378
320,Dave,Quinn,?,county2,4,296895,group2,?
321,Beaufort,Elliott,?,county4,5,168185,group2,?
322,Curcio,Cervantes,race1,county4,0,299081,group1,119-20-0672
323,Bianca,Watson,race1,county2,2,221280,group1,724-69-7447
324,Mariele,Brooks,race2,county3,2,71721,group3,422-51-8295
325,Roma,Elliott,race2,county4,0,228196,group1,824-12-6895
326,Blanca,Quinn,?,county4,3,270516,group2,?
327,Orelia,Scott,race1,county3,1,267911,group1,208-41-3505
328,Kerk,Le,race2,county4,3,226168,group3,474-25-9013
329,Sheelagh,Brooks,race1,county1,2,246710,group2,700-06-9100
330,Ursulina,Kirk,race2,county2,2,181952,group2,496-72-9478
331,Katy,Wilkerson,race1,county1,0,69558,group2,581-66-6052
332,Bettye,Watson,?,county1,0,97183,group2,743-50-8973
333,Conrado,Pollard,?,county1,2,153586,group2,642-52-5849
334,Clayborne,Waters,race3,county1,0,109032,group1,563-59-7445
335,Adara,Cannon,race2,county3,3,17273,group1,769-59-5091
336,Charlene,Scott,race1,county1,4,44515,group3,713-85-6933
337,Gustavus,Frank,race2,county2,5,25155,group3,573-46-3739
338,Theodore,Cervantes,race1,county2,3,86976,group2,409-43-9870
339,Revkah,Cervantes,race1,county2,0,22894,group2,438-22-6453
340,Meg,Quinn,race3,county1,2,131060,group3,602-96-2422
341,Malinda,Cervantes,race1,county3,2,174997,group3,716-38-3438
342,Heida,Brooks,race1,county3,3,20243,group3,204-48-0959
343,Liuka,Waters,race3,county1,3,126241,group1,169-81-3482
344,Susan,Le,race1,county2,2,86146,group1,705-64-2779
345,Gardener,Owen,race3,county1,1,74392,group1,655-68-4611
346,Griff,Owen,race2,county4,5,153217,group2,638-63-8221
347,Ebony,Watson,race3,county1,4,266239,group2,503-91-5482
348,Gayle,Cannon,race1,county4,0,30825,group3,637-69-3206
349,Lon,Waters,race1,county1,3,219684,group1,759-50-8379
350,Pren,Cervantes,race1,county4,2,146099,group1,215-70-0554
351,Andy,Hale,race1,county1,1,147344,group2,291-33-8161
352,Glenine,Ward,race1,county2,0,222055,group1,654-74-6772
353,Eugenia,Le,?,county2,5,299204,group2,?
354,Cherry,Frank,race3,county1,5,165997,group2,754-30-4538
355,Byrom,Hawkins,race2,county2,4,20084,group2,556-87-8920
356,Davon,Quinn,race1,county2,4,174346,group3,307-57-4988
357,Glynn,Scott,race2,?,5,90575,group3,551-78-5503
358,Doralia,Pollard,race3,?,1,251965,group3,634-46-6685
359,Sallie,Scott,race3,county1,4,235095,group1,641-74-0190
360,Andris,Waters,race2,county2,2,184416,group3,632-92-0569
361,Christen,Quinn,?,county4,0,169687,group1,?
362,Margie,Waters,race3,?,3,60354,group2,172-52-9844
363,Bronson,Cervantes,?,county3,0,270614,group3,?
364,Malissia,Le,race2,county2,3,64743,group3,726-99-2269
365,Gwyn,Kirk,race1,county2,0,139946,group1,131-06-2659
366,Alessandro,Cervantes,race2,county3,1,97416,group3,456-65-1732
367,Fabio,Quinn,race1,county1,0,17546,group2,257-59-4193
368,Kristopher,Hoffman,?,county3,5,136507,group2,?
369,Stanford,Ward,?,county4,2,39317,group1,?
370,Karlee,Owen,race3,county1,2,11443,group1,729-80-8870
371,Sofia,Waters,race1,county1,1,99239,group3,250-14-5665
372,Nicoline,Waters,race2,county2,3,165827,group3,395-69-6827
373,Muriel,Scott,race1,?,1,194769,group3,215-47-5981
374,Jemmy,Hoffman,race3,county1,1,196806,group1,115-97-6843
375,Ketti,Waters,?,county1,2,59589,group1,?
376,Tootsie,Waters,race1,?,4,270655,group1,163-77-4830
377,Darline,Lawson,race3,county1,5,13564,group3,488-54-8831
378,Morganne,Frank,race2,county4,3,189569,group2,613-21-1845
379,Mirabella,Le,race3,county1,1,91379,group2,560-33-8897
380,Stevana,Lawson,race3,?,3,238505,group1,653-57-6487
381,Barnabe,Hawkins,race1,county3,5,145290,group2,484-88-9574
382,Bonnibelle,Hale,race2,county4,4,116624,group2,498-64-8430
383,Rhody,Brooks,race3,county1,4,80406,group1,347-09-5810
384,Thornie,Hawkins,race1,county2,2,207122,group3,363-51-7041
385,Robinetta,Brooks,race1,county1,1,260352,group2,439-22-4879
386,Lulita,Cervantes,race3,county1,3,101067,group3,884-09-2523
387,Martin,Cannon,race1,county4,5,217925,group1,749-19-7809
388,Jerome,Le,race3,county1,5,295545,group1,365-92-1941
389,Conn,Brooks,race3,county1,4,35449,group1,238-67-4589
390,Greer,Frank,race1,?,1,179939,group3,738-18-4574
391,Marshal,Brooks,race2,county3,1,114522,group3,843-42-6437
392,Cedric,Frank,race1,county2,3,244162,group1,881-10-8640
393,Wye,Cannon,race1,county1,2,13910,group2,307-12-1600
394,Selina,Ward,race3,county1,5,194450,group2,881-33-4777
395,Rudolf,Hawkins,race3,county1,2,186162,group3,786-62-1922
396,Adria,Waters,race3,county1,3,241370,group1,330-17-3281
397,Cosimo,Waters,race2,county4,4,254033,group3,223-04-8394
398,Rayna,Pollard,race1,county1,5,59025,group1,512-43-0458
399,Land,Frank,race2,county4,0,212670,group3,508-80-9905
400,Keith,Brooks,race3,county1,1,298780,group1,637-08-3796
401,Marrissa,Brooks,race3,county1,1,194381,group1,563-51-1059
402,Abbot,Hoffman,race3,county1,5,15803,group2,812-67-6928
403,Rene,Brooks,race1,?,4,120461,group1,115-84-7620
404,Constantin,Le,race1,county1,5,295471,group2,392-08-3975
405,Moria,Brooks,race2,county3,4,206900,group1,792-43-1952
406,Clyde,Waters,race3,county1,4,229561,group2,237-10-3588
407,Lorry,Waters,race1,county1,1,231556,group1,634-17-6109
408,Bentlee,Hale,?,county1,0,81824,group2,?
409,Morgen,Watson,race3,county1,4,73347,group3,518-36-7723
410,Theadora,Cervantes,race3,?,4,184551,group1,758-57-9998
411,Lexy,Brooks,race1,county1,0,188987,group1,408-74-5371
412,Jackquelin,Ward,race1,county2,1,245112,group1,530-79-7039
413,Taber,Hoffman,race2,county1,2,276984,group3,425-67-9278
414,Beaufort,Hawkins,?,county1,4,208423,group3,193-86-9979
415,Ewan,Ward,race1,county1,2,239738,group3,761-54-6000
416,Phillida,Pollard,race1,county1,1,179397,group1,859-51-0311
417,Stacia,Scott,race2,county3,0,118659,group1,794-12-0184
418,Jo,Le,race3,county1,4,285003,group3,885-01-1788
419,Haleigh,Cannon,race3,county1,4,129773,group3,582-49-5895
420,Lexine,Frank,race2,county4,4,246315,group2,115-15-2594
421,Luci,Hale,race1,county3,4,81510,group1,635-49-7647
422,Vaughn,Casey,race1,county2,4,210771,group1,768-35-1364
423,Elysha,Wilkerson,race2,county2,0,148916,group3,711-50-0678
424,Arline,Lawson,race3,?,4,144029,group2,377-57-7284
425,Ynez,Cannon,?,county1,0,96940,group2,?
426,Wenona,Owen,race3,county1,4,174062,group1,317-31-4372
427,Marice,Waters,race3,county1,3,217518,group2,267-54-7980
428,Lucky,Casey,race3,county1,4,122679,group3,806-27-9879
429,Jeramey,Cervantes,race3,county1,3,163682,group2,690-88-8790
430,Yovonnda,Quinn,?,county4,0,75332,group3,?
431,Marylou,Hawkins,?,county1,4,169697,group2,?
432,Hillel,Scott,?,county3,1,174989,group2,?
433,Aleksandr,Cervantes,race2,county2,3,136335,group1,119-43-8428
434,Ayn,Cannon,race2,county4,3,265728,group1,713-92-8157
435,Thurston,Hoffman,race2,county2,0,273409,group2,488-64-6881
436,Eddi,Le,race3,county1,0,290191,group3,399-41-2535
437,Sibylle,Hoffman,race1,county3,5,113240,group1,411-20-1463
438,Dell,Pollard,race3,county1,0,15081,group1,468-86-7931
439,Baxie,Ward,race3,county1,1,179602,group2,783-79-8746
440,Hortense,Frank,race2,county1,4,210611,group2,573-47-2630
441,Jeanna,Pollard,race2,county4,5,135162,group1,534-33-4165
442,Hulda,Casey,race2,county1,4,97793,group2,746-62-1854
443,Lynett,Elliott,race3,county1,3,77336,group3,891-24-7157
444,Germayne,Owen,race3,?,5,52829,group2,326-25-3190
445,Maritsa,Brooks,race2,county1,0,33115,group1,297-54-5399
446,Muire,Hale,race2,county2,3,200410,group1,359-41-7657
447,Vincent,Le,race2,county2,1,231462,group2,673-44-7278
448,Lambert,Ward,race1,county1,4,195992,group2,605-83-2019
449,Phylis,Hoffman,race2,county2,2,286612,group3,788-60-9883
450,Mabel,Scott,?,county4,4,225093,group2,?
451,Hephzibah,Cannon,race3,county1,4,50640,group3,726-08-2799
452,Correy,Kirk,race2,county4,2,202327,group2,662-09-5786
453,Dante,Pollard,race3,?,2,147660,group2,114-02-1545
454,Rosie,Watson,?,county4,5,181485,group3,?
455,Leodora,Hale,?,county4,1,178023,group2,?
456,Annalise,Frank,race1,county1,5,270524,group2,140-70-9458
457,Laughton,Cervantes,?,county4,0,98980,group3,?
458,Hatty,Hawkins,race1,county4,0,94068,group1,302-38-8359
459,Charla,Ward,?,county1,1,257422,group1,?
460,Free,Brooks,race2,county2,1,32802,group2,846-54-3684
461,Jobi,Elliott,race2,county4,5,229900,group2,165-07-4053
462,Stephie,Cervantes,?,county3,2,218283,group2,?
463,Desdemona,Ward,race2,county3,0,279266,group2,833-92-9771
464,Crissy,Ward,race3,county1,0,67390,group2,478-47-2416
465,Cash,Scott,race2,county2,2,279691,group1,544-37-3961
466,Ambrosio,Hale,race3,county1,1,43562,group1,868-89-4046
467,Callie,Hoffman,?,county4,4,81468,group1,?
468,Thaddus,Elliott,race3,county1,3,22336,group1,644-57-6654
469,Coleman,Elliott,race2,county4,4,229241,group3,334-53-4913
470,Daisey,Pollard,race1,county2,5,201945,group2,621-82-6126
471,Derk,Casey,race2,county4,5,244660,group3,308-57-3372
472,Lara,Hoffman,?,county2,1,188765,group3,?
473,Tabitha,Brooks,race2,county3,0,72775,group2,341-41-8225
474,Madelena,Watson,race3,county1,4,168680,group3,592-27-5671
475,Pennie,Lawson,race3,county1,1,192657,group1,305-10-4344
476,Giacinta,Lawson,race1,county3,2,283864,group3,667-04-2662
477,Carolyne,Kirk,race3,county1,4,134670,group2,881-05-9858
478,Byran,Hawkins,race1,county3,0,100964,group3,597-35-4198
479,Sherwood,Watson,race2,county1,0,225810,group1,765-16-3736
480,Kelwin,Cannon,race2,county3,4,127848,group1,612-33-0935
481,Cori,Casey,race1,?,5,42624,group2,411-72-6036
482,Roch,Casey,race3,county1,5,30043,group2,616-99-5062
483,Artemus,Frank,race1,county1,4,102632,group2,468-54-0444
484,Keriann,Owen,race3,county1,4,63284,group3,843-21-9072
485,Keeley,Casey,race3,county1,2,215216,group2,322-93-6434
486,Boyce,Waters,race3,county1,2,269635,group3,850-73-5968
487,Meriel,Quinn,race1,county1,2,181310,group1,209-82-7842
488,Andreas,Hawkins,race1,county3,4,230945,group1,585-36-4746
489,Kandace,Brooks,?,county2,0,289383,group1,?
490,Tad,Casey,race1,county2,5,99038,group2,252-31-0883
491,Eolanda,Watson,race3,county1,0,149459,group2,384-29-2372
492,Jory,Brooks,race2,county1,0,251411,group2,251-04-9548
493,Ayn,Kirk,race3,county1,1,222925,group1,533-53-5874
494,Odelle,Hawkins,race2,county3,4,83197,group1,458-54-2848
495,Avram,Pollard,race2,county2,1,197483,group2,208-38-2008
496,Noah,Waters,race1,county4,1,161422,group3,548-28-8955
497,Kane,Lawson,race2,county3,1,154156,group1,225-03-7405
498,Prentice,Cervantes,race3,county1,4,200184,group2,788-77-0887
499,Mira,Kirk,race3,county1,4,40575,group1,522-91-5227
500,Chloette,Ward,race2,county1,1,187213,group1,197-19-1184
501,Latrina,Hale,race3,county1,0,114392,group2,515-79-5225
502,Annamarie,Pollard,race3,county1,3,90559,group3,885-12-8667
503,Jareb,Frank,race2,county2,0,130928,group2,812-54-2591
504,Corabelle,Watson,race3,county1,3,47234,group1,895-62-1892
505,Sara,Le,race2,county2,4,236386,group1,455-39-5007
506,Shandee,Elliott,race2,county1,4,107449,group3,817-93-2544
507,Auria,Kirk,race1,county3,3,52873,group2,777-16-0362
508,Buck,Hoffman,race2,county3,2,67017,group1,381-57-0909
509,Hakeem,Cannon,race1,county2,4,140977,group1,373-41-3424
510,Kerri,Hale,race2,county4,5,25609,group2,822-40-0269
511,Leigh,Watson,race3,county1,3,178146,group1,641-80-0061
512,Livvyy,Owen,race2,county2,2,247789,group1,393-93-3831
513,Philip,Le,race1,county1,3,228149,group3,283-38-2061
514,Perice,Ward,race3,county1,4,258816,group1,855-61-3020
515,Tania,Elliott,race2,county2,4,85870,group2,847-08-0130
516,Lorry,Cannon,race1,county1,1,274774,group3,371-41-3345
517,Beilul,Brooks,race2,county3,2,189285,group1,836-46-6110
518,Annmaria,Watson,race2,county3,3,272585,group2,377-76-8470
519,Jerrine,Waters,race2,county3,2,264608,group3,219-25-7465
520,Roxane,Le,race2,county4,3,115218,group3,614-96-7307
521,Harlen,Lawson,race3,county1,0,18640,group3,200-69-3647
522,Margarete,Casey,race1,county3,0,219747,group3,600-77-7464
523,Marje,Hoffman,race2,county3,3,130103,group2,843-69-9520
524,Hedwiga,Le,race2,?,1,159466,group3,500-46-3766
525,Jacquetta,Le,race2,county3,1,296035,group2,753-33-0967
526,Murielle,Elliott,race3,county1,4,142930,group2,871-94-7439
527,Frederich,Ward,race3,county1,5,82577,group2,737-81-6241
528,Brittan,Cannon,race3,county1,2,137171,group3,640-20-6929
529,Cordell,Pollard,race2,county3,1,257361,group3,593-52-6350
530,Angelico,Owen,?,county2,1,208971,group2,?
531,Stevana,Frank,race3,county1,0,137250,group1,250-65-2939
532,Raynell,Brooks,race2,county4,3,122765,group1,242-84-2087
533,Way,Watson,race1,county1,0,220427,group1,401-74-2809
534,Roxanna,Waters,race1,county2,1,199790,group1,438-80-1550
535,Minne,Waters,race3,county1,3,144353,group3,688-36-8713
536,Dulcia,Elliott,race2,county4,5,259618,group3,762-64-1278
537,Nick,Elliott,race1,county3,5,73850,group1,387-79-5264
538,Mohandis,Scott,?,county1,3,189848,group2,?
539,Dagmar,Ward,race3,county1,5,215979,group3,683-14-6446
540,Roxane,Ward,race1,county3,5,185986,group2,337-28-5329
541,Ardith,Le,race3,county1,5,172957,group3,499-66-4309
542,Raffaello,Scott,race3,county1,4,111861,group3,519-79-8788
543,Joshuah,Hawkins,?,county3,0,178429,group1,?
544,Keely,Quinn,race2,county4,5,59083,group2,325-36-1465
545,Natalya,Hoffman,race2,county3,3,203254,group1,725-54-7967
546,Hortense,Quinn,race2,county3,0,105551,group2,850-39-8879
547,Marylin,Le,race2,county1,4,160631,group3,495-79-2690
548,Aubert,Pollard,?,county4,4,280821,group3,?
549,Normy,Le,race2,county1,2,256612,group2,724-29-9105
550,Blythe,Owen,race2,county4,2,203468,group3,651-34-4843
551,Liz,Quinn,race1,county2,2,251993,group2,662-64-1643
552,Lizbeth,Hoffman,?,county1,1,117829,group1,?
553,Land,Elliott,race3,county1,3,124962,group2,216-04-8508
554,Eleanore,Elliott,race3,county1,2,220964,group3,132-13-8709
555,Merell,Hawkins,race3,county1,2,58079,group1,101-75-6087
556,Lisle,Frank,race3,county1,5,96101,group3,202-07-0410
557,Josephina,Cannon,race3,county1,1,278502,group3,785-65-4481
558,Filmer,Owen,?,county1,1,188157,group3,?
559,Lucky,Cannon,race2,county4,5,58918,group3,882-21-9376
560,Debora,Elliott,race1,county1,3,41561,group1,346-04-3907
561,William,Pollard,race1,county1,0,276691,group2,212-87-3509
562,Bob,Cervantes,race3,county1,0,184747,group3,732-49-4693
563,Cynde,Hale,race2,county1,5,259186,group1,144-09-5308
564,Brodie,Brooks,race3,county1,2,104030,group1,793-40-8157
565,Nanon,Ward,race3,county1,0,201235,group3,268-62-5813
566,Marrissa,Watson,?,?,5,298023,group3,883-17-1659
567,Yasmin,Cervantes,race1,county3,5,255980,group1,663-24-2119
568,Elga,Watson,?,county1,0,246871,group3,?
569,Darcie,Cannon,race2,county1,3,138468,group3,773-20-8295
570,Jeremy,Casey,race3,county1,5,56098,group2,522-61-9675
571,Astrix,Frank,race2,county1,5,111090,group1,773-75-9492
572,Joyous,Wilkerson,race3,county1,5,295273,group3,541-72-2851
573,Aloysius,Brooks,race2,county4,3,147353,group3,261-42-6502
574,Jannel,Lawson,race2,county1,0,118614,group1,663-73-4400
575,Tiffanie,Pollard,?,county1,5,162152,group2,?
576,Ravid,Pollard,race1,county4,0,263312,group1,732-74-5687
577,Jenny,Waters,race1,county1,1,182453,group2,324-38-2078
578,Danica,Hale,?,county2,5,167199,group3,?
579,Alfreda,Elliott,race3,?,5,117183,group2,158-86-7074
580,Shalna,Pollard,race3,county1,3,217147,group2,261-25-6357
581,Ginny,Lawson,race1,county1,1,175843,group3,784-06-9875
582,Cynthy,Owen,race1,county1,3,57487,group1,197-04-7756
583,Isadore,Elliott,race3,county1,1,253384,group2,676-46-4853
584,Jasmine,Elliott,race1,county4,4,227518,group2,679-25-5507
585,Jeralee,Cannon,race1,county4,5,251144,group1,542-63-5155
586,Bald,Frank,race3,?,0,243647,group1,490-87-9555
587,Jasmine,Elliott,race2,county1,5,192797,group3,655-21-6773
588,Chicky,Pollard,race2,county3,1,263630,group2,320-03-7592
589,Jackie,Frank,race1,county4,3,205774,group3,897-15-0871
590,Fran,Waters,race3,county1,1,255886,group1,397-87-2174
591,Addy,Elliott,race3,county1,3,21464,group3,742-23-6014
592,Philbert,Le,race1,county4,4,130104,group2,290-24-6495
593,Gwyn,Brooks,race3,county1,1,157841,group2,503-70-3990
594,Merci,Hale,race2,?,5,176001,group3,636-46-7074
595,Field,Ward,race2,county4,2,295893,group3,547-03-5675
596,Jameson,Scott,race2,county2,0,233292,group3,401-45-2915
597,Dani,Lawson,race1,county3,3,172096,group3,772-12-3838
598,Daniela,Hoffman,race2,county4,0,22897,group1,512-76-7252
599,Joellyn,Waters,race3,county1,4,29880,group3,509-99-1875
600,Carlie,Pollard,race3,county1,2,280358,group1,791-11-0985
601,Khalil,Hawkins,race1,county3,3,294361,group1,429-64-6172
602,Emmerich,Watson,race1,county2,5,147315,group3,442-45-1500
603,Sky,Casey,race3,county1,0,110319,group2,674-41-8734
604,Willyt,Le,race3,county1,5,185000,group1,112-69-2457
605,Chris,Watson,race1,county2,4,250472,group2,467-07-4497
606,Genevra,Hale,race1,county1,1,101233,group1,276-23-1954
607,Harley,Casey,race1,county4,3,217190,group2,699-17-5979
608,Kayle,Hawkins,race1,county1,1,258167,group2,641-69-4416
609,Danella,Watson,race3,county1,4,256225,group2,470-02-5715
610,Jacquelin,Watson,race2,county1,1,40254,group2,194-97-1318
611,Bondie,Pollard,?,county1,2,84372,group1,?
612,Rowan,Casey,race2,county2,0,24763,group1,378-94-1977
613,Karola,Pollard,?,county4,4,212996,group2,?
614,Eb,Kirk,race2,county1,5,120816,group2,814-38-3127
615,Herman,Owen,race2,county1,5,47996,group1,808-52-2375
616,Shannen,Waters,race3,county1,4,277177,group2,181-10-0511
617,Myca,Watson,race3,county1,0,235386,group1,835-21-7642
618,William,Watson,race3,county1,1,201346,group2,374-42-0474
619,Lockwood,Cannon,race1,county2,2,61090,group3,426-70-3927
620,Tani,Brooks,race3,county1,1,51525,group3,505-09-0416
621,Nikola,Watson,race3,county1,5,60820,group2,195-24-8603
622,Bradley,Cervantes,race3,county1,4,184598,group1,461-14-9797
623,Eydie,Kirk,race3,county1,3,173088,group3,527-19-6513
624,Debbi,Quinn,?,county3,1,38811,group1,?
625,Goddard,Cervantes,race3,county1,1,217078,group2,639-61-5577
626,Reiko,Cervantes,race1,county3,1,53054,group3,100-99-9271
627,Estel,Waters,?,county3,0,255182,group3,?
628,Kris,Le,race2,county4,4,59566,group3,488-52-6182
629,Shellie,Ward,race3,county1,4,65809,group2,230-37-9967
630,Inessa,Ward,race1,?,3,136970,group2,868-52-2482
631,Katharyn,Brooks,race2,county3,2,185381,group1,882-63-2047
632,Kerrill,Cannon,race2,county1,3,185729,group2,144-37-3700
633,Alexandra,Cannon,race3,?,2,264219,group3,866-81-1294
634,Lothario,Elliott,race1,county2,4,228284,group2,690-99-0079
635,Tremayne,Owen,race2,county4,4,196230,group2,356-61-0236
636,Cordi,Wilkerson,race2,county4,5,76367,group3,190-83-8294
637,Susannah,Brooks,race3,county1,3,285174,group2,516-21-5738
638,Tootsie,Casey,race2,county4,3,169416,group2,623-76-3499
639,Brittne,Kirk,race3,county1,0,253376,group1,144-29-6252
640,Elnore,Le,race2,county2,5,78538,group3,673-15-3641
641,Doria,Hoffman,race1,county4,2,118925,group3,229-55-2157
642,Dulcie,Watson,race3,county1,1,233155,group3,833-16-6256
643,Zelig,Hale,race3,?,3,160611,group1,246-77-5030
644,Ker,Watson,race1,county2,1,290330,group1,764-17-1239
645,Lurleen,Pollard,race2,?,3,278629,group1,172-49-8971
646,Shellie,Elliott,race1,county1,4,123596,group3,209-68-9608
647,Shepperd,Quinn,race3,county1,2,255263,group3,385-32-6045
648,Amalea,Frank,race2,county3,0,262373,group2,551-13-9229
649,Opal,Waters,race2,county2,5,73378,group1,718-70-7726
650,Kandy,Ward,?,county3,1,156183,group2,?
651,Dagmar,Lawson,race2,county2,0,169845,group3,471-59-4314
652,Poul,Hale,race1,county4,4,220739,group2,573-08-9027
653,Astra,Casey,race2,county4,5,30802,group1,566-87-2017
654,Waldemar,Le,?,county3,1,56349,group3,?
655,Kaitlynn,Brooks,race1,?,4,102037,group1,885-83-7779
656,Garald,Hale,race2,county2,1,293921,group3,404-94-6578
657,Caryl,Cervantes,race2,county1,3,152746,group1,595-77-5383
658,Udall,Hale,race2,county3,2,154255,group3,433-18-7125
659,Barbee,Casey,race1,county1,0,273396,group2,525-36-0231
660,Rollin,Watson,race3,county1,1,81259,group1,571-87-3022
661,Martynne,Cervantes,race2,county2,2,171136,group3,717-11-3417
662,Adeline,Pollard,race3,county1,2,40415,group3,284-72-3788
663,Thorvald,Quinn,race2,county3,0,216798,group3,244-27-1900
664,Sheeree,Le,race2,county1,5,249837,group1,396-80-8842
665,Bentlee,Hawkins,race2,county2,2,209557,group3,516-48-9090
666,Henrik,Le,race3,county1,2,96379,group3,364-14-5995
667,Cecilio,Owen,race3,county1,4,213071,group1,553-64-0810
668,Arda,Scott,race2,county2,5,45302,group1,507-64-3743
669,Almire,Frank,race3,county1,5,197042,group1,388-79-1043
670,Randa,Cervantes,race3,county1,4,121322,group1,366-60-5539
671,Farrah,Cannon,?,county3,4,18950,group2,?
672,Oralie,Scott,race2,county1,2,140999,group1,330-47-6416
673,Westbrooke,Elliott,race2,county2,4,89466,group2,683-57-4499
674,Stephen,Frank,race3,?,3,118452,group3,646-34-8427
675,Ichabod,Pollard,race1,county2,1,24617,group2,543-35-5524
676,Mariquilla,Hawkins,race2,county4,2,39147,group2,604-45-7987
677,Haleigh,Hoffman,race1,county1,3,133953,group1,636-56-7735
678,Sidnee,Brooks,?,?,1,223727,group2,?
679,Haily,Frank,race3,county1,5,11836,group1,107-09-1465
680,Wayne,Frank,?,county2,1,230843,group2,?
681,Xymenes,Elliott,race1,county1,5,145680,group3,120-40-1661
682,Heda,Wilkerson,race3,county1,4,133393,group3,557-36-9952
683,Philomena,Elliott,race1,county3,0,73719,group2,607-84-7577
684,Kirby,Hawkins,race1,county4,0,212205,group2,658-73-3192
685,Roddy,Hoffman,race3,county1,2,243161,group1,491-01-6385
686,Hussein,Quinn,race1,county3,5,229924,group1,399-64-6921
687,Shel,Hawkins,race1,county2,3,274630,group2,165-45-0424
688,Artair,Watson,race2,county2,1,29494,group1,703-87-7246
689,Gipsy,Frank,race3,county1,1,141391,group2,537-97-1936
690,Blakelee,Cannon,race1,county3,5,266929,group2,472-98-3022
691,Pansie,Le,race1,county4,4,103717,group1,856-42-7039
692,Danita,Ward,race2,county3,3,285481,group1,696-75-9746
693,Jasun,Le,race1,county3,5,230371,group1,714-07-6871
694,Esme,Brooks,race2,county2,1,28276,group2,289-48-1793
695,Abram,Brooks,race2,county4,5,42290,group1,310-43-2156
696,Molli,Watson,race1,county1,5,67638,group1,152-42-7657
697,Fidelity,Owen,race2,county4,1,194150,group1,314-32-7245
698,Anatollo,Hale,race2,county1,3,173708,group3,571-77-1842
699,Ashla,Le,race3,county1,1,291985,group3,359-63-6401
700,Gizela,Scott,race1,county2,1,31917,group1,888-11-6522
701,Inessa,Brooks,race3,county1,4,283564,group1,592-90-7105
702,Birch,Watson,?,county4,5,291840,group1,?
703,Piggy,Hale,race3,?,0,161475,group1,245-10-9429
704,Beth,Cervantes,race1,county2,4,180168,group1,658-33-1417
705,Austina,Scott,race3,county1,0,31680,group2,152-03-1026
706,Chance,Le,race1,county2,2,44147,group2,407-95-5305
707,Auguste,Brooks,race2,?,3,284714,group3,671-01-2383
708,Shandeigh,Wilkerson,race3,county1,5,70606,group3,201-74-8841
709,Lizzy,Hale,race1,county1,1,108298,group1,202-64-3357
710,Davin,Watson,race1,county2,4,187215,group1,621-73-4770
711,Bald,Owen,?,county2,4,119902,group3,?
712,Stacy,Owen,race3,county1,5,262757,group2,523-95-7493
713,Elliot,Owen,race2,county2,4,72753,group2,111-27-4144
714,Aldrich,Le,race2,?,1,170997,group1,535-26-5954
715,Lynnett,Lawson,race1,county4,1,188199,group1,376-33-1248
716,Coreen,Wilkerson,race1,county3,4,278332,group2,650-54-7822
717,Kassie,Hawkins,race2,county3,3,66938,group3,744-09-6011
718,Marcos,Cannon,race1,county1,2,119896,group3,202-99-2201
719,Gaylor,Waters,race2,?,0,151490,group1,572-04-4000
720,Welbie,Waters,race3,county1,5,167984,group1,576-23-1337
721,Aluin,Frank,race1,county1,5,74615,group3,163-69-7560
722,Elva,Lawson,race1,county1,2,184946,group3,752-60-5622
723,Sybila,Quinn,?,county4,0,84480,group1,?
724,Myca,Brooks,race2,county1,5,69048,group2,204-62-9302
725,Raquela,Watson,race1,county2,0,122701,group2,896-76-1905
726,Talbot,Cannon,race2,county4,5,116505,group3,182-25-3950
727,Olivier,Elliott,race2,county3,5,295733,group2,839-82-1123
728,Rosalia,Watson,race3,county1,1,270658,group1,851-63-2934
729,Berti,Hale,race1,county3,0,229251,group2,182-39-5435
730,Melodee,Hawkins,race3,county1,4,252261,group1,177-02-3628
731,Faber,Kirk,race2,county3,4,221424,group3,290-98-3790
732,Gaelan,Scott,?,county3,2,54728,group2,?
733,Atlante,Hoffman,race2,county2,5,255464,group1,834-31-0602
734,Meggy,Hale,race3,?,4,229540,group1,675-63-0515
735,Byran,Kirk,race3,county1,4,34024,group3,273-38-6610
736,Susie,Hawkins,race1,county4,5,113962,group1,805-89-8682
737,Udale,Le,race3,county1,4,264889,group1,259-24-2917
738,Abra,Waters,race2,county2,1,242091,group3,442-67-3572
739,Katerine,Wilkerson,race1,county2,2,43357,group3,339-68-1978
740,Merrily,Lawson,race1,county4,2,223643,group3,156-77-2940
741,Wallace,Hale,?,county4,3,190812,group3,?
742,Sher,Quinn,race2,county1,1,141739,group3,331-41-1724
743,Melamie,Elliott,race2,county4,3,83025,group3,449-21-5873
744,Katinka,Lawson,race2,county2,2,241454,group1,176-25-7815
745,Cello,Frank,race2,county3,3,92164,group3,328-97-0329
746,Lucho,Brooks,race2,county4,3,288011,group2,450-25-5308
747,Tobe,Pollard,?,county1,0,276482,group1,716-52-2082
748,Alonso,Lawson,?,county1,2,16946,group2,556-92-0429
749,Natalya,Brooks,race1,county3,1,120279,group2,470-60-4440
750,Gwendolen,Brooks,?,county4,2,22360,group3,?
751,Archie,Ward,race3,county1,0,230754,group1,627-68-0274
752,Shirleen,Brooks,race3,county1,0,278078,group3,250-81-4488
753,Clare,Frank,race3,county1,1,221161,group2,479-42-9988
754,Keelia,Cannon,?,county1,4,105620,group1,?
755,Valdemar,Hawkins,race1,county3,0,224520,group3,332-56-8153
756,Nedda,Hale,race3,county1,1,95409,group2,465-67-5819
757,Wally,Watson,race3,county1,5,239370,group1,897-67-1877
758,Patsy,Cannon,race3,county1,4,287293,group1,451-77-1009
759,Loydie,Hale,race2,county3,4,27442,group3,811-20-1781
760,Sosanna,Le,race2,county3,0,194248,group1,456-93-9221
761,Spenser,Le,race2,county2,5,175836,group3,303-24-9311
762,Beatrice,Wilkerson,race2,county4,3,268331,group1,257-19-4550
763,Catina,Pollard,race1,county1,4,149311,group2,261-60-4933
764,Hurlee,Cervantes,race2,county3,5,176776,group3,639-19-8119
765,Janeta,Elliott,race1,county4,4,159697,group2,352-14-0928
766,Dorthea,Quinn,race3,county1,3,100606,group1,258-45-4872
767,Sampson,Hawkins,race1,county4,2,252224,group2,484-23-0409
768,Judy,Le,?,county3,5,205141,group3,?
769,Denys,Ward,race3,county1,0,73350,group2,896-53-5834
770,Dian,Scott,race1,county1,0,51343,group3,652-45-9262
771,Georgia,Watson,?,county2,3,14429,group1,?
772,Audre,Le,race2,county4,3,212996,group1,175-77-8687
773,Poppy,Cannon,race3,county1,1,129320,group1,171-33-2167
774,Cate,Quinn,race2,county1,3,72371,group2,876-26-9930
775,Giralda,Hale,race2,county1,4,69589,group1,293-02-1911
776,Valentine,Pollard,race1,county4,1,225309,group3,546-41-2719
777,Deane,Scott,race2,county4,2,152198,group3,495-05-1707
778,Salvatore,Lawson,race2,county3,3,79643,group2,458-32-9503
779,Baillie,Watson,race1,county4,2,248104,group2,627-27-8626
780,Alejoa,Casey,race3,county1,5,42378,group1,137-23-1902
781,Sarene,Ward,race3,county1,0,262947,group1,251-24-8178
782,Sena,Wilkerson,race3,county1,2,17118,group1,329-19-6746
783,Ashli,Cervantes,race2,county1,2,292825,group2,547-21-5342
784,Aubert,Pollard,race3,county1,0,103138,group1,723-71-0387
785,Aurore,Hawkins,race2,county2,4,36359,group1,749-61-6951
786,Bobbie,Casey,race2,county4,4,89176,group2,534-91-7646
787,Mohammed,Lawson,race1,county2,5,227591,group3,329-78-6324
788,Hermie,Hale,race2,county4,4,67721,group2,743-12-1047
789,Gardy,Cervantes,race1,county3,0,150936,group2,646-43-1025
790,Edlin,Pollard,race2,county2,1,180241,group1,574-85-5957
791,Gale,Hawkins,race2,county3,4,249476,group1,242-29-7170
792,Boot,Owen,race1,county1,4,157593,group3,803-89-3182
793,Nealon,Cervantes,race2,county2,2,83239,group2,358-61-5710
794,Diego,Brooks,race1,county3,5,212336,group3,792-92-9795
795,Granville,Hoffman,race2,county1,3,175331,group2,759-57-8381
796,Domenic,Hawkins,race2,county4,1,83444,group2,189-97-5756
797,Lacy,Hawkins,race2,county2,5,85363,group3,235-61-6953
798,Rurik,Lawson,race1,county2,0,30850,group3,492-74-5082
799,Bent,Hawkins,race3,county1,5,170208,group1,691-05-4827
800,Talia,Scott,?,county3,4,33908,group3,?
801,Bell,Quinn,race2,county1,1,96535,group3,711-55-3230
802,Blayne,Watson,race2,county1,2,44478,group3,100-44-2731
803,Bette-ann,Scott,race3,county1,3,183175,group2,298-27-7654
804,Barbra,Lawson,race3,county1,0,181196,group2,430-33-1910
805,Hughie,Watson,race2,county4,1,95286,group1,204-22-1053
806,Kellyann,Casey,race2,county2,3,107456,group2,362-46-3628
807,Raul,Cervantes,race2,county1,2,256124,group3,145-56-3313
808,Aldwin,Ward,?,county3,3,118096,group2,?
809,Briny,Cannon,race3,county1,0,224645,group1,186-58-4429
810,Dario,Ward,race3,county1,1,61998,group2,365-25-3588
811,Kelly,Hoffman,race3,county1,0,60163,group2,324-84-4264
812,Nicole,Cervantes,race1,county4,3,21458,group1,426-58-3187
813,Claudia,Le,race3,county1,2,26065,group1,678-28-5965
814,Marcos,Wilkerson,race3,county1,5,189232,group1,458-07-3200
815,Rad,Wilkerson,?,county1,2,191084,group3,?
816,Ward,Brooks,race2,county3,4,150994,group2,828-85-8234
817,Jordon,Scott,race1,county4,5,74616,group1,722-07-2412
818,Carol,Ward,?,county3,0,97882,group2,?
819,Inna,Casey,race2,county2,3,125716,group1,621-94-5831
820,Bret,Elliott,race1,county3,5,284415,group2,372-29-3371
821,Kimball,Hawkins,race1,county2,0,153833,group2,147-49-1569
822,Theresita,Brooks,race3,county1,2,139707,group1,730-29-5478
823,Marrissa,Hawkins,race1,county4,4,199389,group3,533-05-2843
824,Juliet,Watson,race3,county1,0,124557,group1,549-99-0275
825,Rafaela,Lawson,race1,county1,0,118317,group2,446-10-2082
826,Bald,Watson,race3,county1,2,178332,group2,153-27-8567
827,Francene,Cervantes,race2,county1,5,285859,group2,524-07-0137
828,Omero,Hale,race2,county4,3,240084,group2,362-84-9953
829,Tania,Pollard,race2,county3,5,98483,group1,441-28-6086
830,Allen,Elliott,race2,county4,5,160199,group1,299-29-7872
831,Noe,Lawson,race2,county3,1,178836,group3,224-96-8790
832,Roland,Brooks,race1,county1,3,125546,group2,820-83-7089
833,Curtis,Lawson,race3,county1,3,279593,group2,302-59-8225
834,Ricky,Lawson,?,county2,0,178879,group3,?
835,Gussi,Scott,race1,county1,3,12383,group2,376-11-7757
836,Judah,Casey,race3,county1,2,116160,group1,408-67-1788
837,Eolanda,Elliott,race1,county3,4,251654,group3,439-19-9415
838,Jacquelyn,Elliott,race2,county3,4,214815,group1,363-87-4974
839,Pearce,Hale,race3,county1,4,69825,group1,101-71-2335
840,Jerrilee,Owen,race2,county4,2,235192,group2,506-10-9349
841,Maddi,Le,race1,county2,0,67232,group2,506-02-0348
842,Harmonie,Hawkins,race3,county1,4,251334,group2,786-15-1940
843,Margit,Watson,race1,county1,2,122984,group1,418-86-8974
844,Stephenie,Le,race1,county4,2,92095,group2,244-43-1259
845,Piper,Elliott,?,county4,5,299059,group1,?
846,Hannie,Frank,race1,county4,2,215015,group2,115-65-1832
847,Welby,Brooks,race3,county1,2,114775,group1,485-16-0849
848,Coletta,Owen,race3,county1,1,185452,group1,564-47-0171
849,Clari,Waters,race2,county1,1,76991,group2,522-61-8305
850,Ingaborg,Scott,race2,county4,2,99565,group2,511-13-5410
851,Chrissie,Owen,?,county4,3,32358,group2,?
852,Sancho,Waters,race1,county2,4,100349,group3,515-80-8200
853,Kipp,Brooks,race3,county1,4,127830,group3,812-95-1163
854,Mercy,Hoffman,race2,county1,1,164561,group1,296-79-8053
855,Lurette,Waters,race2,county3,5,176846,group3,450-78-8417
856,Reggy,Elliott,race2,county4,5,35220,group3,725-34-7379
857,Garvy,Brooks,race3,county1,4,135941,group2,843-86-7299
858,Avigdor,Brooks,race2,county3,3,198960,group3,868-20-6341
859,Ber,Frank,race3,county1,5,93950,group1,230-53-2631
860,Alberto,Le,race3,county1,5,213959,group3,690-25-3108
861,Edd,Brooks,race3,county1,3,172658,group3,480-57-1285
862,Jareb,Kirk,race3,?,3,243579,group2,217-32-5351
863,Packston,Hale,race2,county4,4,110352,group3,359-74-6954
864,Ariel,Hoffman,race1,county1,0,239048,group3,236-60-8696
865,Temp,Elliott,race2,county4,3,34110,group1,563-01-3806
866,Ricky,Pollard,race1,county3,3,123262,group1,408-18-6602
867,Izaak,Le,race3,?,5,71655,group2,148-23-6013
868,Kacie,Lawson,race3,county1,4,132028,group3,829-04-1949
869,Lotti,Hawkins,race3,county1,5,296115,group2,655-04-2032
870,Clarence,Casey,race1,county1,4,258359,group2,628-98-7585
871,Kaitlyn,Casey,race2,county2,3,143549,group2,117-08-2415
872,Josepha,Cannon,?,county2,4,132327,group2,?
873,Addie,Cervantes,race2,county4,5,258301,group1,607-57-8749
874,Katy,Lawson,race1,county3,3,134273,group2,816-53-1475
875,Doyle,Frank,race3,county1,0,167361,group3,612-49-6835
876,Ramon,Cannon,race2,county3,5,145044,group3,583-46-0950
877,Joelynn,Cervantes,race1,?,3,14382,group1,342-19-1554
878,Claretta,Hale,race2,county2,5,28708,group1,285-11-3490
879,Kayle,Kirk,race1,county1,1,39537,group3,725-47-4880
880,Glenden,Hale,race3,county1,3,145426,group2,181-85-2541
881,Raul,Hoffman,race2,county3,5,263748,group2,531-07-9258
882,Ivonne,Elliott,race2,county1,1,270844,group2,173-53-0941
883,Timothea,Lawson,race1,county1,4,150286,group1,839-90-4602
884,Jabez,Waters,race1,county3,3,194805,group1,178-65-5993
885,Dulci,Owen,?,county3,3,87119,group1,?
886,Kelwin,Frank,race1,county3,5,136992,group3,506-92-4541
887,Filippo,Watson,race1,county3,3,60510,group1,887-90-0876
888,Babara,Brooks,race3,county1,3,78650,group2,439-36-4391
889,Pietro,Hawkins,race1,county4,1,128689,group1,374-20-0625
890,Quill,Cervantes,race3,county1,3,189573,group3,707-92-7130
891,Noella,Waters,race1,county1,3,133049,group1,495-47-5233
892,Rosene,Hale,race2,county1,0,66821,group1,811-09-0164
893,Colet,Cannon,race2,county3,1,105752,group2,874-41-7684
894,Gwynne,Owen,race1,county3,4,58537,group3,249-99-9462
895,Briana,Scott,race2,county1,1,35795,group1,459-81-1601
896,Adela,Casey,race3,?,4,273033,group1,725-96-6151
897,Adelind,Elliott,race2,county1,3,271548,group1,770-09-0848
898,Maressa,Hawkins,?,county4,5,23337,group3,?
899,Sigismond,Waters,race2,county3,0,190526,group3,247-19-2796
900,Thurstan,Quinn,race2,?,4,230515,group2,263-03-4440
901,Christophorus,Owen,race2,county1,4,64296,group1,882-65-2686
902,Prescott,Cervantes,?,county4,3,273373,group3,?
903,Mattie,Waters,race1,county4,4,186112,group1,331-37-8589
904,Zilvia,Hale,race3,county1,4,213110,group1,243-64-2246
905,Cherrita,Casey,race2,county4,0,182139,group3,241-59-3329
906,Beale,Elliott,race1,county2,1,88386,group3,331-25-1835
907,Brendis,Hawkins,race3,county1,3,28766,group3,637-51-4167
908,Hulda,Le,race1,county1,2,82821,group1,101-57-6060
909,Ianthe,Frank,?,county1,4,83825,group1,130-94-4927
910,Cecile,Ward,race2,county1,3,206837,group3,738-01-2700
911,Joana,Kirk,race1,county1,0,254396,group1,710-66-0817
912,Aksel,Brooks,race3,county1,3,295823,group3,114-39-5370
913,Gabrielle,Owen,race1,county2,4,121074,group3,298-08-3361
914,Lewie,Hale,race3,county1,2,138347,group1,161-72-3413
915,Gayle,Le,race2,county3,1,38498,group1,560-77-6824
916,Hilde,Elliott,race1,county3,3,124851,group3,284-29-0434
917,Oby,Elliott,race1,county1,2,227896,group1,172-59-8507
918,Heindrick,Hawkins,race1,?,4,249310,group2,590-56-1891
919,Wilona,Casey,race2,county1,0,79730,group3,413-61-6438
920,Hilliary,Hoffman,race1,county4,5,230494,group2,690-70-3281
921,Emlen,Wilkerson,race3,county1,4,286135,group3,131-86-6528
922,Lexi,Ward,race3,county1,5,29719,group3,144-55-5228
923,Suzanna,Scott,race3,county1,3,214013,group3,448-10-0570
924,Noble,Lawson,race1,county2,4,81620,group2,109-64-0528
925,Jeri,Le,race2,county2,5,146841,group2,369-56-9141
926,Gib,Hale,race1,county4,1,146304,group3,630-57-8526
927,Hallie,Watson,race2,county2,4,283191,group3,519-84-5307
928,Janene,Hawkins,?,county1,4,287190,group2,?
929,Enrichetta,Waters,race1,county1,2,228880,group1,899-99-1397
930,Gladys,Ward,race1,county4,3,214440,group2,302-32-9494
931,Donn,Owen,race3,county1,5,70889,group3,626-50-3101
932,Gail,Hawkins,race1,county4,2,299985,group2,257-50-5306
933,Rinaldo,Wilkerson,race1,county3,5,122148,group3,194-39-1071
934,Marlin,Frank,race3,county1,3,290985,group1,609-79-1281
935,Jana,Le,race2,county2,5,225972,group1,292-79-0219
936,Fraser,Casey,race3,county1,2,243555,group2,819-20-4221
937,Averell,Cervantes,race2,?,1,299284,group1,525-34-6179
938,Hedvig,Lawson,?,county4,5,139693,group1,?
939,Ophelia,Frank,race1,county2,4,30053,group3,127-21-6271
940,Heather,Hawkins,race3,county1,4,170586,group2,836-09-2857
941,Laurianne,Ward,race2,county4,2,142609,group2,723-21-9743
942,Pablo,Le,race3,county1,1,159926,group2,772-58-2534
943,Elane,Le,race3,county1,2,114339,group2,439-48-1668
944,Carlen,Cannon,race3,county1,1,260057,group2,771-10-1125
945,Viva,Waters,?,county4,1,296963,group1,?
946,Bliss,Quinn,race2,county3,4,65271,group1,207-47-9408
947,Mirabel,Frank,race1,?,4,85202,group3,542-43-6786
948,Lind,Owen,race1,county4,4,193324,group1,353-26-1785
949,Ida,Ward,race3,county1,2,30827,group3,371-57-9465
950,Marisa,Cannon,race3,county1,4,38601,group3,326-97-9703
951,Ortensia,Casey,?,county2,2,81341,group3,?
952,Verne,Pollard,race1,county3,5,122792,group1,474-35-2656
953,Cassey,Frank,race2,county3,3,148943,group1,115-74-0945
954,Demetris,Scott,race1,county3,4,10034,group3,502-03-3482
955,Jackson,Ward,race1,county4,0,282810,group1,115-74-5428
956,Floris,Pollard,?,county4,5,203012,group1,?
957,Laryssa,Lawson,race2,county3,1,292482,group3,648-88-7046
958,Seka,Pollard,race3,county1,0,187589,group2,287-05-0191
959,Rafa,Wilkerson,race2,county4,4,177463,group2,825-90-2255
960,Lin,Frank,race3,county1,3,240861,group2,616-32-2200
961,Edouard,Cannon,race3,county1,3,210532,group2,800-45-2785
962,Ruth,Kirk,race3,?,0,158943,group3,742-52-7689
963,Eileen,Ward,race2,county2,1,70902,group1,690-37-3363
964,Lissy,Cannon,?,county4,2,142819,group3,?
965,Brannon,Ward,race2,county2,3,30703,group2,614-31-1377
966,Efren,Lawson,race1,county4,1,52545,group1,794-82-8102
967,Alexina,Cannon,race2,county4,4,136251,group3,522-15-1256
968,Ulric,Pollard,race2,county1,1,299044,group1,765-19-4928
969,Ricky,Cervantes,race3,county1,4,220420,group2,483-89-2692
970,Griffin,Waters,race2,county1,3,216123,group1,209-47-5394
971,Sascha,Scott,?,county3,0,28813,group2,?
972,Guinevere,Cervantes,race3,county1,3,138758,group1,463-93-7859
973,Cristal,Elliott,race3,county1,0,279240,group1,107-86-7199
974,Ringo,Hale,race1,county3,1,263564,group3,496-96-7125
975,Almeda,Lawson,race2,county4,2,62334,group2,436-79-1942
976,Sara-ann,Pollard,race1,county3,3,139486,group2,544-44-2318
977,Alison,Hoffman,race2,county2,0,171713,group2,650-39-0249
978,Brien,Lawson,race2,county1,1,240083,group1,276-65-2873
979,Noellyn,Frank,race3,county1,5,248137,group2,108-72-2140
980,Hortense,Pollard,race3,county1,4,154812,group3,521-35-7139
981,Adrian,Scott,race1,county1,3,260281,group1,397-63-7041
982,Nelle,Quinn,?,county2,5,287740,group3,?
983,Corina,Wilkerson,race2,county2,4,68525,group3,243-72-5139
984,Annabela,Le,?,?,0,294179,group2,?
985,Otes,Scott,race3,county1,5,220014,group2,497-01-3279
986,Gwenore,Casey,race2,county4,4,68949,group2,281-64-4856
987,Luisa,Hale,?,county2,5,29893,group3,?
988,Becki,Hale,race3,county1,3,14094,group3,799-19-6433
989,Darcee,Hale,race1,county3,2,287174,group3,380-57-0205
990,Dillon,Hawkins,race3,?,2,113843,group1,671-53-5993
991,Fayette,Hale,race2,county1,4,44991,group2,271-66-0029
992,Radcliffe,Hawkins,race2,county3,4,141169,group2,867-04-0663
993,Fran,Le,?,county1,1,178992,group3,197-77-0443
994,Yule,Ward,race1,county4,1,271533,group3,621-65-2528
995,Waldon,Hawkins,race1,county1,0,148266,group3,381-79-1903
996,Mirabelle,Pollard,?,county2,2,202415,group2,?
997,Lonnie,Kirk,race1,county2,0,148349,group2,294-16-1605
998,Giulietta,Quinn,race2,county2,5,198516,group3,807-39-6505
999,Syman,Hawkins,race1,county3,3,221003,group1,511-73-4993
1000,Boris,Cannon,race2,county4,1,246605,group3,385-99-9732
