id,first_name,last_name,smoker,race,county,num_children,income,complications,age_group,ssn
1,Tabby,Ward,false,race3,county3,1,212036,2,group3,670-18-6875
2,Ardyce,Ward,true,race2,,1,159218,0,group2,373-03-1601
3,Gerhard,Frank,true,race3,county1,0,157768,3,group2,805-95-6067
4,Romy,Hawkins,false,race3,county1,0,11824,1,group3,117-52-3454
5,Edeline,Scott,true,race1,,2,80479,0,group1,819-11-5314
6,Cozmo,Frank,true,race1,county3,3,160229,2,group3,751-43-6257
7,Hilde,Wilkerson,false,race3,county1,0,220707,2,group2,689-14-9944
8,Georgeanna,Frank,false,race1,,2,146742,10,group3,844-92-1943
9,Maddie,Scott,false,race1,,1,160988,3,group1,250-75-1381
10,Dody,Frank,false,race3,county4,3,34170,8,group2,360-78-9074
11,Coralie,Lawson,false,race3,county1,3,42949,1,group2,459-55-4950
12,Peggie,Frank,false,race3,county1,4,174492,2,group1,328-62-8330
13,Pepe,Le,true,race1,,4,117328,1,group3,421-81-5857
14,Gregorio,Watson,,race3,county1,3,180874,3,group1,589-50-0500
15,Donall,Elliott,true,race2,county2,0,54398,7,group1,718-97-7242
16,Shane,Casey,false,race1,county1,0,92542,10,group2,114-24-9527
17,Devonna,Elliott,false,,county4,3,162280,5,group3,527-20-0150
18,Kelcie,Hawkins,true,,county1,2,234791,8,group3,709-91-9697
19,Ewan,Lawson,true,race3,county1,0,276061,7,group2,845-72-6339
20,Vic,Brooks,false,race1,county4,2,112645,6,group1,649-08-9778
21,Brady,Watson,false,race2,,1,16039,3,group3,582-90-4020
22,Cyb,Owen,true,race3,county1,0,248169,9,group1,
23,Karlene,Casey,true,race3,county1,0,76908,0,group2,305-38-8791
24,Saul,Owen,true,race1,county2,3,46039,3,group1,442-40-3873
25,Munroe,Cervantes,,race1,county4,4,222278,9,group3,551-10-6630
26,Guillemette,Quinn,false,race1,county2,5,148361,7,group2,509-54-6455
27,Fransisco,Casey,true,,county3,4,88245,3,group2,845-54-1369
28,Vania,Hale,false,race2,county3,1,86531,4,group1,546-13-4909
29,Wilbur,Cervantes,true,race2,county2,2,45698,2,group2,561-13-0572
30,Blake,Cervantes,true,race1,county1,0,78169,1,group2,615-47-3243
31,Tammie,Owen,,race1,county2,4,20826,10,group2,519-18-8053
32,Pieter,Wilkerson,false,race1,county2,1,161243,9,group3,530-73-1817
33,Toinette,Elliott,,,county4,0,121689,1,group1,
34,Shirley,Pollard,false,race3,county4,4,165938,0,group2,615-58-0494
35,Ardyth,Casey,false,race1,county2,5,299828,5,group1,639-47-8631
36,Gustaf,Hawkins,true,race2,county4,1,209170,3,group1,539-84-5610
37,Yvor,Le,true,race3,,2,272802,0,group1,249-38-9137
38,Karlis,Pollard,false,race1,county2,3,111763,2,group2,
39,Dottie,Cervantes,true,race3,county1,0,144138,1,group1,274-95-7897
40,Dawna,Frank,true,race1,,4,91808,2,group3,351-52-2403
41,Caritta,Lawson,false,race2,county1,0,269886,6,group3,432-23-4017
42,Filide,Casey,,race1,county4,1,68809,8,group1,589-54-6553
43,Noland,Elliott,false,race3,county1,5,16426,10,group2,338-94-2471
44,Bengt,Cervantes,false,race2,,1,108953,7,group1,432-71-3773
45,Napoleon,Elliott,false,race1,county4,3,26192,10,group3,458-83-1719
46,Carlo,Casey,true,race3,county1,5,47170,3,group3,872-62-5569
47,Tate,Hawkins,true,race1,county3,4,138356,7,group3,223-06-0077
48,Ax,Pollard,true,race1,,0,181486,8,group1,448-65-8677
49,Mariquilla,Wilkerson,false,race1,county2,1,205190,0,group3,311-26-7830
50,Bjorn,Scott,true,race1,county2,5,228875,9,group2,
51,Kellsie,Hoffman,false,race3,,1,188184,5,group2,660-42-9796
52,Agnese,Lawson,false,race3,,3,140985,4,group1,572-05-1310
53,Neille,Cervantes,true,race2,county3,0,17630,2,group3,
54,Jasper,Cervantes,true,race1,county3,1,277472,8,group1,831-13-4196
55,Marj,Elliott,false,race1,county4,2,50522,8,group1,736-67-5893
56,Sandra,Pollard,false,race1,county1,5,182218,7,group3,741-93-8258
57,Lorilyn,Brooks,false,race1,county2,2,108105,10,group1,721-79-1303
58,Tristan,Ward,false,race3,county1,3,275396,5,group2,198-75-5714
59,Pearce,Elliott,true,race2,county2,1,24613,3,group1,561-35-7043
60,Leland,Brooks,false,race2,county2,1,43625,10,group1,582-51-4720
61,Ravi,Owen,true,race1,county2,1,287164,2,group2,757-64-6100
62,Seana,Hoffman,false,race1,,2,141003,1,group3,629-47-1089
63,Muffin,Pollard,true,race1,county4,4,57959,2,group3,
64,Rhiamon,Brooks,false,race2,county4,0,72359,7,group3,657-69-6892
65,Suzanna,Lawson,false,race2,county4,4,298966,3,group3,657-91-9085
66,Tandi,Cannon,false,,,4,271738,3,group3,506-60-2619
67,Blinni,Pollard,true,race1,,5,288887,0,group1,
68,Cicily,Quinn,true,race1,county4,2,131587,0,group1,582-83-9526
69,Elvin,Brooks,true,race3,,2,125387,0,group1,
70,Alia,Frank,,race3,county1,3,47723,3,group3,550-83-6815
71,Zackariah,Brooks,true,race1,county3,2,261329,6,group2,142-92-5858
72,Meade,Hale,true,race3,county1,1,205153,6,group2,602-72-3092
73,Way,Waters,false,race1,,2,157781,7,group1,316-36-4484
74,Sammy,Waters,true,race1,county3,4,157086,7,group2,387-41-4760
75,Sophronia,Frank,false,race1,county3,2,240952,7,group3,
76,Kelley,Frank,false,race1,county1,5,254083,6,group3,215-11-3793
77,Adrea,Casey,false,race1,county3,5,70698,9,group3,181-72-1543
78,Krystal,Quinn,true,race1,county4,2,243538,0,group3,824-47-5103
79,Verla,Le,true,race3,county4,1,298857,1,group1,645-09-3180
80,Robin,Hoffman,false,race1,county2,0,200932,6,group2,823-33-7499
81,Nana,Le,true,,county1,1,295389,1,group1,560-24-5026
82,Alyda,Lawson,false,race3,county1,3,65564,9,group3,340-22-2681
83,Kaye,Frank,false,race1,,2,101901,4,group1,663-58-4062
84,Elenore,Hawkins,true,race2,,2,155614,3,group3,853-02-0568
85,Urson,Quinn,true,race3,county3,3,282108,7,group1,782-54-7715
86,Clayson,Scott,,race1,,3,178798,8,group2,141-99-6737
87,Chevalier,Frank,,race2,,5,95839,9,group2,284-39-8658
88,Aland,Owen,false,race2,,5,218251,5,group3,630-12-1329
89,Hertha,Cannon,false,race3,,2,95144,7,group1,355-62-7321
90,Padraig,Cervantes,false,race1,county3,3,242490,5,group3,229-96-1572
91,Cassaundra,Hoffman,false,race1,,1,134783,4,group1,659-86-5687
92,Dayle,Watson,,race2,,2,196695,4,group2,455-36-9655
93,Harman,Cannon,false,race3,,3,76501,8,group3,132-48-1686
94,Floria,Pollard,true,,county4,4,106892,2,group2,267-98-9203
95,Merrill,Waters,true,race1,county2,4,76676,9,group2,247-85-8275
96,Angelo,Watson,true,race3,,5,147210,2,group3,888-02-3075
97,Gavin,Frank,,race3,county1,5,163968,9,group3,819-49-2589
98,Emilia,Lawson,true,race3,county1,5,234878,0,group2,385-08-2946
99,Zack,Watson,true,race3,,0,138541,9,group3,118-95-4547
100,Dorisa,Ward,false,race1,,4,125416,10,group3,375-12-3144
101,Whittaker,Frank,false,race3,county1,2,163507,0,group2,192-52-9074
102,Nikos,Elliott,false,race3,county3,4,50031,5,group1,724-54-0805
103,Winfred,Ward,true,race3,county1,3,172189,4,group1,132-70-8619
104,Suellen,Brooks,true,race1,,2,178329,6,group3,667-51-4751
105,Chaunce,Le,true,race1,county3,1,145658,3,group2,385-94-6416
106,Darsey,Cervantes,true,race3,county1,3,183329,1,group1,235-93-2151
107,Chris,Brooks,false,race1,county1,3,108963,4,group3,166-53-0082
108,Kaitlynn,Ward,true,,county1,3,147750,8,group1,166-20-4625
109,Geri,Hoffman,,,county4,5,194694,9,group1,347-31-1632
110,Eveleen,Hoffman,true,race3,county1,1,186452,5,group1,657-11-6953
111,Roy,Ward,false,race3,county1,1,181248,2,group3,716-33-8942
112,Kipp,Hawkins,true,race3,county1,4,265921,8,group3,755-04-4013
113,Elihu,Ward,false,race2,county2,2,87318,9,group1,504-63-4976
114,Lynnea,Kirk,true,race1,county2,5,133030,7,group2,875-85-1033
115,Julianna,Watson,true,race3,county2,4,81247,4,group1,447-46-5130
116,Ramona,Wilkerson,true,race1,county1,1,163128,10,group1,316-01-4957
117,Carlin,Kirk,true,race2,,0,242690,1,group2,204-93-8823
118,Ingemar,Quinn,true,race2,county4,0,267434,7,group1,293-19-0612
119,Lyndsey,Casey,true,race3,county4,3,139330,7,group2,278-19-9291
120,Raffarty,Elliott,false,race3,county2,0,184007,9,group2,401-65-0055
121,Frans,Watson,false,race1,county4,0,184920,2,group2,
122,Nathalia,Le,true,race1,county3,3,58230,3,group1,846-07-3033
123,Silas,Waters,true,race1,county3,2,109137,7,group3,397-47-1680
124,Lemuel,Kirk,false,race2,county3,2,122393,8,group3,192-83-9654
125,Natasha,Cervantes,true,race3,county1,5,222971,7,group2,286-97-1546
126,Jemie,Pollard,false,race2,,0,63804,5,group2,574-08-7015
127,Dorena,Quinn,false,race2,,5,227948,8,group3,617-21-4898
128,Ibby,Cannon,true,race3,,4,95598,7,group1,511-07-3644
129,Ansell,Brooks,true,race3,county1,3,23225,9,group3,
130,Kiley,Quinn,false,race1,,4,53347,8,group1,858-34-2708
131,Stefan,Cervantes,false,race3,,0,181290,2,group1,
132,Seward,Scott,,race2,,4,73865,1,group2,668-07-0658
133,Jule,Lawson,false,race2,county2,2,294404,2,group2,764-05-9819
134,Morena,Hale,true,,county2,1,171182,10,group2,475-04-4400
135,Dotti,Lawson,true,race2,county3,1,114550,4,group3,158-02-4468
136,Sydelle,Cervantes,false,race1,county1,1,48582,0,group1,818-89-8494
137,Dominick,Pollard,false,race3,county1,0,136338,5,group1,185-55-9567
138,Svend,Pollard,true,race2,county4,2,250058,4,group2,832-78-9349
139,Jemimah,Pollard,true,race3,county1,3,33607,0,group1,
140,Johnathon,Frank,,race3,county1,3,151042,1,group1,548-87-8155
141,Vivianne,Quinn,false,race3,county1,2,226950,9,group2,463-57-4672
142,Selina,Brooks,true,race3,county4,1,268388,3,group1,329-66-7294
143,Duky,Pollard,false,race2,county1,5,175282,8,group3,413-42-5774
144,Marjy,Kirk,false,race1,county1,2,278032,10,group1,548-79-9475
145,Danni,Scott,false,,,4,143131,2,group1,606-55-9588
146,Cozmo,Quinn,false,race1,county3,0,197028,2,group2,
147,Mayer,Pollard,true,race1,county4,1,294816,9,group1,852-65-4665
148,Frants,Le,false,race3,,2,271408,5,group1,275-56-0001
149,Evyn,Lawson,false,,county2,1,173861,5,group2,782-20-9771
150,Jarrett,Waters,false,,county1,5,24938,6,group1,
151,Merna,Elliott,false,race3,county1,3,285497,1,group1,366-80-1510
152,Gussi,Quinn,true,race1,county3,1,221629,6,group3,512-95-4473
153,Cirstoforo,Brooks,false,race1,county2,0,195566,7,group2,671-59-7830
154,Patten,Scott,false,race3,,1,37428,7,group2,378-65-5641
155,Danya,Watson,true,,,0,12248,0,group3,453-12-2767
156,Augustine,Casey,false,race2,,2,234413,9,group3,608-88-6768
157,Sigfrid,Cervantes,true,race1,county3,5,286523,9,group3,178-93-5755
158,Flem,Quinn,true,race1,county1,0,264429,8,group3,402-30-9370
159,Antonina,Pollard,true,race3,county2,1,291885,2,group2,221-96-2958
160,Oralle,Cervantes,,race3,county1,3,125638,2,group2,316-71-6950
161,Daven,Casey,false,race1,,0,128702,4,group3,259-80-6060
162,Melessa,Owen,true,race2,,1,290086,0,group3,797-41-8609
163,Rube,Casey,false,race3,county4,5,242710,1,group1,728-46-3622
164,Blair,Elliott,false,race2,county3,3,12449,10,group1,
165,Keri,Quinn,true,race3,,4,123216,9,group3,509-77-9186
166,Mala,Lawson,true,race2,,0,172607,6,group1,890-85-1167
167,Shay,Watson,true,race1,,0,38634,9,group1,380-30-7894
168,Stanford,Watson,false,race1,,0,210068,2,group1,719-27-0552
169,Milo,Cervantes,false,race1,county2,4,63841,1,group3,242-55-2069
170,Angelico,Owen,false,race1,,1,248850,7,group3,696-46-0372
171,Hulda,Le,true,race2,county2,1,76985,3,group3,325-65-1771
172,Lind,Hawkins,,race1,,3,234144,1,group2,376-89-7539
173,Maryjane,Brooks,true,race2,county1,4,235389,2,group1,763-89-2417
174,Sinclair,Hoffman,false,,county1,1,162400,8,group2,523-08-7182
175,Margarete,Le,false,race2,county4,5,23506,4,group3,619-65-6243
176,Clarice,Frank,true,race2,county4,1,40617,7,group1,749-81-9902
177,Sheila-kathryn,Ward,false,race3,county1,5,58731,2,group3,364-43-6353
178,Stacia,Scott,false,race3,county1,1,115169,3,group1,649-83-4601
179,Cameron,Cervantes,true,race2,county1,1,13783,5,group2,159-19-9697
180,Kristopher,Casey,true,race1,county4,5,194452,8,group3,
181,Worthy,Casey,false,,county4,2,192206,3,group2,292-41-9541
182,Brook,Quinn,false,race2,county1,1,196242,5,group3,535-21-6955
183,Darline,Hoffman,false,race3,county3,0,120675,1,group3,
184,Bamby,Pollard,false,race1,county1,5,234723,1,group2,226-45-1123
185,Marja,Quinn,true,race2,county2,4,275522,7,group2,178-47-5856
186,Sibella,Watson,false,race2,county3,1,121085,6,group2,855-16-1378
187,Theadora,Quinn,false,race1,,1,281095,6,group3,260-37-3239
188,Kristopher,Hawkins,false,race2,county2,4,164385,2,group1,440-23-4520
189,Ethelbert,Scott,false,race3,county3,0,296181,2,group1,491-07-2750
190,Lefty,Hawkins,true,race3,county2,5,84751,6,group2,379-31-8303
191,Aron,Owen,false,race1,county2,2,231505,6,group3,
192,Parker,Hoffman,false,race1,county2,5,153276,6,group3,685-18-8668
193,Claiborne,Scott,true,,county1,0,165243,7,group1,122-97-7326
194,Karina,Waters,false,race1,county2,2,239895,8,group1,461-58-0297
195,Durand,Lawson,true,,county2,4,291303,9,group1,592-36-1774
196,Modesta,Frank,false,race1,county3,2,101309,4,group3,877-50-4332
197,Cacilia,Ward,true,race3,county1,5,109002,7,group1,193-08-6387
198,Lindsey,Pollard,true,race3,county4,2,78399,7,group2,134-28-1983
199,Elana,Pollard,true,,county4,3,176763,4,group2,310-30-2009
200,Tabby,Casey,true,race3,county1,4,20367,1,group1,458-35-9525
201,Cesar,Cannon,true,race3,,2,299945,4,group2,771-52-1419
202,Reinhold,Ward,true,race3,county1,4,43464,8,group2,810-10-0456
203,Julietta,Lawson,false,race3,county4,4,47606,8,group3,824-70-4832
204,Jeremias,Quinn,false,race3,,4,56008,2,group1,729-89-1503
205,Susie,Hawkins,false,race1,county3,3,74411,3,group2,605-61-5879
206,Benedetta,Frank,true,race3,,2,83180,8,group1,131-34-5619
207,Kimbell,Hawkins,false,race3,county3,5,66907,1,group3,670-70-2641
208,Gray,Cannon,false,race1,county1,5,108738,2,group1,767-65-2902
209,Quent,Ward,,race1,county2,2,205631,3,group2,732-95-3068
210,Dillon,Watson,false,race2,county1,4,96359,1,group3,715-27-8581
211,Annabella,Cervantes,false,race2,county4,3,105206,6,group3,335-40-6249
212,Aloin,Scott,false,race3,county1,3,23875,6,group3,425-44-1164
213,Eleni,Le,true,race2,county4,0,96961,1,group2,325-14-0356
214,Eadie,Watson,true,race2,county2,4,252384,3,group1,465-65-2723
215,Claybourne,Hoffman,true,,county4,1,176761,0,group2,276-10-4503
216,Alisha,Hawkins,false,,county2,1,100318,4,group1,768-21-4609
217,Berri,Quinn,true,race1,,1,123345,2,group2,875-33-9591
218,Hewie,Wilkerson,true,race2,county1,3,214406,8,group1,163-57-4408
219,Bellina,Cannon,true,race3,county4,4,73656,3,group2,471-17-3462
220,Chariot,Quinn,false,,county1,4,289197,3,group1,677-93-2052
221,Lesley,Hawkins,false,race3,county1,5,71602,2,group1,326-37-2151
222,Hatti,Lawson,true,race2,county3,1,74259,9,group3,362-02-7471
223,Douglas,Brooks,false,race2,,4,198643,8,group2,181-72-7880
224,Godfrey,Owen,false,race2,county4,2,244505,9,group3,406-09-2794
225,Corney,Brooks,false,race3,county1,3,293387,8,group3,819-10-8669
226,Harrietta,Hawkins,true,,county4,0,111558,5,group1,742-87-8244
227,Aggie,Brooks,true,race3,county1,1,125859,5,group3,224-59-2080
228,Ignacius,Hale,true,,,3,205287,8,group2,592-26-9211
229,Ashlin,Ward,false,,,4,181340,10,group3,856-03-8468
230,Abie,Casey,false,race1,,3,162622,0,group3,762-97-0954
231,Kelbee,Frank,false,race3,county1,3,223270,8,group2,
232,Blondy,Lawson,true,race1,county4,5,242887,7,group1,441-68-4851
233,Eilis,Brooks,false,race2,county4,4,278875,7,group1,565-03-3728
234,Preston,Hale,false,race1,county1,2,31609,7,group2,400-91-2993
235,Cybil,Casey,false,race3,county2,2,244576,8,group3,
236,Hugh,Le,true,race2,county1,4,47401,5,group2,813-76-3770
237,Reggie,Quinn,true,race3,county1,5,31780,8,group2,405-68-5771
238,Lee,Lawson,true,race2,county2,0,287873,3,group3,576-42-4740
239,Cobb,Casey,true,race2,county2,0,163248,3,group3,797-10-2121
240,Roslyn,Lawson,false,race3,county4,0,164290,5,group3,356-80-9158
241,Carolynn,Brooks,true,race1,county1,2,104912,2,group3,839-11-3877
242,Charmaine,Elliott,true,race2,county4,3,31426,6,group2,631-47-2016
243,Gene,Hoffman,false,,county4,1,137747,9,group2,442-52-4940
244,Alfreda,Watson,false,race3,county1,1,47153,1,group2,287-62-5032
245,Aurea,Hoffman,false,race1,county2,4,91306,4,group3,
246,Jessica,Ward,false,race2,county1,0,243306,1,group2,649-95-6007
247,Charleen,Scott,true,race3,county3,1,129468,0,group2,348-87-5747
248,Hannis,Elliott,false,,,2,29579,6,group1,860-16-8555
249,Christy,Watson,false,,county1,3,209710,2,group2,226-28-2542
250,Melinde,Hawkins,false,,county2,4,104284,3,group2,
251,Reine,Casey,true,race1,,1,194937,1,group2,156-08-9792
252,Ashlen,Owen,,race1,county4,3,208069,1,group3,636-73-2206
253,Raye,Lawson,false,race1,county3,2,135742,0,group3,623-43-7910
254,Clemente,Frank,false,race2,county3,3,291755,5,group1,721-24-7681
255,Wallas,Kirk,false,race2,county1,1,43580,10,group2,255-52-6119
256,Smith,Hale,false,race2,county2,4,181096,4,group2,469-49-3263
257,Dore,Lawson,false,race1,county3,1,288575,10,group2,237-74-3181
258,Roch,Kirk,false,race3,county1,2,29124,9,group3,395-26-0611
259,Harwilll,Wilkerson,false,race3,county1,1,74892,2,group2,885-52-9404
260,Johnnie,Kirk,true,race1,county1,5,214513,10,group2,637-98-7915
261,Vic,Owen,false,race2,county4,4,150801,8,group3,450-54-2615
262,Kristian,Hale,true,race3,county1,2,159060,8,group2,557-49-2211
263,Esmeralda,Lawson,true,race2,county3,3,157167,10,group1,708-89-7959
264,Grayce,Le,true,race3,county1,3,201759,3,group2,801-96-7328
265,Barret,Scott,false,,,5,116079,7,group3,499-11-3624
266,Bartholomeo,Hawkins,true,race2,county2,1,237993,0,group2,434-83-5106
267,Madelina,Cervantes,false,race3,county1,2,259025,10,group1,461-40-1376
268,Chic,Wilkerson,false,race3,county1,5,117694,8,group1,653-44-4274
269,Dru,Quinn,,race3,county1,2,139699,7,group2,758-82-2648
270,Erin,Hoffman,false,race1,county4,5,137581,9,group2,482-24-2876
271,Halimeda,Pollard,,race1,county1,5,277497,8,group2,754-99-8481
272,Analise,Le,true,race2,county3,1,18181,8,group2,370-74-0109
273,Sherry,Owen,true,race1,county3,5,89931,2,group2,853-39-8342
274,Griselda,Casey,false,,,1,46096,5,group1,502-53-9089
275,Justin,Ward,false,race2,,5,18370,7,group1,202-37-2159
276,Costa,Hoffman,,race2,county4,1,15599,4,group1,
277,Louisette,Waters,true,race2,county4,1,43871,1,group3,350-86-4205
278,Broddie,Hoffman,true,race3,county1,3,299800,0,group2,461-65-7826
279,Sarine,Watson,false,race2,county1,3,245159,8,group3,120-76-2407
280,Cam,Waters,true,race3,county3,0,23746,10,group2,267-14-3539
281,Ophelia,Lawson,false,race1,county2,4,60959,5,group2,266-68-4843
282,Emyle,Quinn,true,race3,county1,1,200004,0,group1,175-56-4073
283,Agnes,Elliott,true,race1,county1,3,165675,2,group1,166-86-0068
284,Tiebold,Kirk,true,race1,county4,4,87925,1,group2,300-17-2433
285,Vincent,Lawson,true,race1,,2,182243,0,group2,499-19-2935
286,Ab,Brooks,false,race3,,5,34301,7,group3,472-58-2794
287,Lissa,Waters,false,,county3,1,166198,9,group1,792-23-4103
288,Raoul,Casey,false,,county3,0,249457,5,group3,605-75-5720
289,Jeffie,Cannon,false,race1,,5,160734,1,group1,115-40-4402
290,Ulric,Casey,false,race2,county2,5,154073,7,group3,463-35-7973
291,Ulick,Lawson,false,race2,county1,5,63220,5,group3,287-02-3026
292,Sabina,Waters,false,race2,,2,40265,5,group3,218-97-9861
293,Alvina,Scott,true,race3,,2,118500,10,group1,117-25-5665
294,Shari,Hoffman,true,race2,county2,2,117621,7,group3,
295,Abbey,Brooks,true,race3,,3,15007,6,group3,180-30-2023
296,Gregorio,Lawson,,,county1,0,233424,3,group1,369-19-3708
297,Barby,Scott,false,race1,county4,0,48186,6,group2,268-01-0112
298,Urbain,Le,false,race1,county4,1,191554,6,group1,396-90-0823
299,Quinton,Le,false,race3,county1,2,136382,10,group3,410-58-0690
300,Britteny,Quinn,true,race1,county4,0,267885,8,group1,461-06-9655
301,Meir,Le,false,race1,,2,177315,9,group1,102-83-2889
302,Meagan,Ward,false,race1,county3,4,278107,3,group2,
303,Athene,Cannon,,race3,county1,3,130397,8,group1,126-81-4952
304,Vivi,Casey,true,race3,county1,2,101274,8,group3,715-63-2361
305,Mia,Hawkins,false,race2,,0,89786,5,group2,818-82-2922
306,Ki,Waters,false,race2,county2,1,150849,0,group3,289-74-0302
307,Adamo,Hawkins,,race3,county4,0,258919,8,group2,526-24-2726
308,Bartram,Casey,,race2,county2,1,295297,8,group2,849-39-4459
309,Loutitia,Hoffman,false,race1,county3,1,257512,1,group1,386-20-1528
310,Kylynn,Watson,true,race1,county3,0,237459,1,group2,568-71-4593
311,Kaile,Owen,false,race2,,2,266157,4,group2,243-22-9109
312,Wolf,Hale,true,race1,county3,1,157659,0,group1,
313,Rafaellle,Owen,true,race2,county2,2,161265,6,group2,218-71-2747
314,Modesta,Casey,false,race1,county4,0,108708,5,group2,258-36-3330
315,Dahlia,Cervantes,,race1,,0,85165,4,group3,365-75-3613
316,Barrett,Kirk,true,,county3,2,65256,3,group3,274-49-6807
317,Kath,Le,true,race1,county2,4,157687,6,group3,
318,Jemima,Hale,false,race1,county2,4,123088,0,group2,
319,Othella,Casey,false,,county4,4,74507,9,group3,259-28-7458
320,Gradey,Kirk,false,,,5,120090,4,group3,
321,Elnore,Elliott,false,race2,,1,43830,3,group2,247-27-4089
322,Zondra,Scott,true,,county3,3,238276,10,group3,185-74-8912
323,Kata,Waters,false,race1,county3,0,274129,1,group1,
324,Dorisa,Owen,false,race3,county1,4,132986,3,group2,847-29-3734
325,Willi,Frank,true,race1,county2,1,177405,9,group2,474-92-5499
326,Ulrick,Owen,,race2,,1,177960,5,group1,658-94-6618
327,Humberto,Lawson,true,race3,county1,1,14207,6,group2,164-93-1768
328,Ajay,Waters,false,race1,,2,105800,1,group1,500-24-1650
329,Tommy,Frank,true,race3,,5,191449,8,group2,799-84-8347
330,Corena,Hawkins,true,race1,county2,0,14725,6,group2,894-45-9099
331,Roarke,Cervantes,true,race1,county1,3,124748,9,group2,871-19-5187
332,Wolfy,Owen,false,race3,,1,55659,3,group3,734-43-7772
333,Sheela,Hawkins,true,race1,county3,5,129843,5,group1,774-88-0353
334,Esme,Cervantes,,race1,county4,3,270443,8,group2,138-71-8878
335,Salvador,Brooks,false,race2,county4,4,249535,0,group1,241-19-8014
336,Xena,Le,false,race1,county4,5,96500,7,group1,636-24-2660
337,Hilly,Hoffman,false,race3,county1,1,299007,0,group3,493-14-1851
338,Artus,Hawkins,false,race1,county1,2,236738,5,group3,591-33-9148
339,Lindsay,Watson,false,race3,county2,3,273951,3,group3,
340,Stephenie,Hawkins,true,race1,county1,3,86878,1,group2,166-93-3322
341,Georgetta,Pollard,false,race1,county3,1,132453,3,group1,764-70-0752
342,Nancy,Hawkins,false,race3,county1,4,91049,0,group1,605-46-6960
343,Putnem,Cannon,false,race1,county2,1,249026,3,group1,226-60-7342
344,Uta,Brooks,true,race3,county1,2,237521,7,group2,880-68-5879
345,Fay,Quinn,false,race2,county4,1,162551,9,group3,635-73-3101
346,Gilli,Lawson,,race2,county2,5,214619,4,group3,523-48-4063
347,Nehemiah,Frank,true,race2,county3,4,78891,0,group1,662-68-2253
348,Kelly,Ward,false,race3,county1,0,99138,6,group3,879-79-3682
349,Jordan,Lawson,true,race3,,5,182330,6,group1,496-92-4373
350,Benedikt,Pollard,true,race1,county1,0,191250,10,group3,746-30-5021
351,Mickie,Elliott,false,race3,,3,41326,6,group2,173-62-5006
352,Hermine,Hale,true,race2,county3,4,24733,0,group2,857-59-3937
353,Jerrine,Casey,false,race2,county4,2,121156,1,group3,657-90-9499
354,Erich,Kirk,,race2,county4,1,263284,10,group3,143-73-4804
355,Ermin,Hawkins,false,,county1,4,181998,9,group3,511-49-7711
356,Sashenka,Cannon,true,race3,county3,1,13362,3,group1,134-11-3595
357,Galvan,Scott,true,race2,county3,1,218890,3,group1,483-77-3118
358,Neel,Le,false,race2,county1,3,86470,4,group1,
359,Mignon,Cervantes,true,race3,county1,0,36964,5,group2,158-96-3928
360,Chen,Hoffman,true,race1,,1,27229,3,group2,142-08-5289
361,Kory,Elliott,false,race1,county1,1,28837,5,group3,420-66-3587
362,Diannne,Cannon,false,race2,county3,4,141100,4,group2,318-97-2868
363,Mort,Owen,true,race1,county2,0,111136,0,group3,763-96-6856
364,Dionis,Wilkerson,false,,county2,5,19261,2,group2,581-51-1056
365,Jenica,Kirk,,race1,county4,1,118935,5,group2,236-52-2605
366,Tamarah,Pollard,true,race1,county3,4,253528,2,group1,576-33-7651
367,Ruthann,Cervantes,true,race3,county2,5,110944,8,group1,501-50-9148
368,Saudra,Scott,true,race2,county2,3,172168,5,group3,135-20-4063
369,Stanwood,Watson,true,,county4,0,113976,5,group1,150-33-7883
370,Margaretta,Hoffman,true,,county2,4,163909,9,group1,202-69-5171
371,Lazar,Elliott,false,race2,,0,55889,7,group1,
372,Teddy,Brooks,true,,county3,0,180815,7,group2,715-97-3061
373,Jaquelyn,Brooks,,race2,county1,5,180345,1,group3,216-65-3529
374,Genovera,Pollard,,race2,county1,2,24626,9,group2,
375,Kass,Watson,false,race2,county2,1,82003,7,group3,
376,Jens,Cervantes,false,,county2,0,157500,6,group1,212-31-1805
377,Creight,Ward,false,race3,,3,56948,7,group3,192-70-8131
378,Clerc,Hoffman,true,race1,county2,0,30694,9,group3,741-43-9632
379,Lotta,Hoffman,true,race2,county3,2,50992,6,group3,
380,Sylas,Cervantes,false,race2,,0,179256,6,group3,100-63-2591
381,Dylan,Scott,true,race3,county2,0,71052,9,group2,247-44-6452
382,Othella,Watson,false,,county2,0,14500,3,group2,884-45-3122
383,Reginald,Elliott,false,race1,county1,4,59387,9,group1,351-30-2998
384,Sandye,Cannon,false,race3,county2,4,164950,10,group3,880-82-7829
385,Mikel,Elliott,false,race2,county3,2,150535,5,group3,647-96-7056
386,Jesse,Cannon,false,race3,county3,4,199813,10,group2,777-59-5274
387,Axel,Ward,true,race2,county1,0,33941,6,group3,119-43-7917
388,Everett,Cervantes,true,race1,county2,0,137378,8,group1,136-87-4800
389,Sylvester,Owen,true,race2,county3,2,120110,5,group3,194-27-3454
390,Adrian,Owen,false,race1,county1,4,107745,10,group3,796-22-1376
391,Gillian,Hawkins,true,race3,,4,195740,8,group1,801-20-3813
392,Lorie,Cervantes,true,race1,county1,2,268239,5,group2,473-63-5853
393,Else,Wilkerson,false,,county1,0,86556,8,group1,432-26-3716
394,Jamima,Cannon,false,race2,county4,2,231474,4,group3,278-32-8352
395,Rose,Cervantes,false,race2,county1,2,294088,2,group3,686-85-9238
396,Oswell,Waters,false,race3,county1,0,161658,2,group2,880-37-3031
397,Sherwynd,Waters,true,race2,county4,2,276704,2,group3,184-19-9892
398,Clementina,Hoffman,true,,county3,4,297342,6,group1,280-52-8061
399,Emlyn,Elliott,true,race2,,4,154083,9,group2,417-88-9995
400,Bliss,Ward,false,race3,,3,127835,2,group3,576-83-7504
401,Tammie,Cervantes,true,race3,county2,0,181021,0,group1,267-36-3528
402,Shamus,Hawkins,false,,county4,5,23016,2,group3,334-74-5759
403,Annabel,Casey,true,race1,county4,3,250520,8,group3,763-07-7217
404,Elsworth,Cervantes,true,,county4,1,161530,2,group2,754-01-2978
405,Gerladina,Wilkerson,false,,,2,274304,5,group2,216-37-5595
406,Vivien,Frank,true,race1,county2,2,240895,1,group1,378-49-7153
407,Algernon,Kirk,false,race1,,5,233822,2,group2,489-41-5362
408,Mikaela,Quinn,true,,county2,1,47781,7,group3,580-56-1309
409,Storm,Casey,false,race2,county3,3,34817,8,group3,136-74-4644
410,Cullin,Cannon,false,race3,county1,1,42327,3,group2,484-37-3692
411,Hobey,Owen,true,race2,county2,5,53818,4,group3,491-35-3718
412,Liv,Quinn,false,race1,county4,2,229787,2,group2,372-88-3127
413,Shaina,Le,false,race2,,1,29341,6,group1,842-35-0050
414,Clementia,Cannon,true,race1,county2,1,124856,0,group3,655-93-4362
415,Darb,Brooks,,race1,county3,2,252038,1,group1,830-10-7710
416,Veronique,Le,true,race3,county1,2,78381,5,group2,238-51-4705
417,Lowe,Frank,true,race2,county3,1,237610,6,group3,611-18-3613
418,Benoit,Scott,false,race1,county3,3,97224,4,group2,848-41-9312
419,Daphene,Elliott,false,race1,county4,0,200293,8,group1,416-47-3905
420,Cazzie,Lawson,false,race3,county4,3,212210,3,group3,680-85-8073
421,Amabel,Pollard,false,,county1,5,67553,5,group1,308-39-6288
422,Kelley,Owen,false,race3,,3,81188,5,group1,500-86-8626
423,Goddart,Hale,true,race2,,1,18762,4,group2,
424,Pierson,Le,false,race3,county4,1,239581,5,group2,487-28-4004
425,Dore,Hale,true,race1,county2,1,225214,9,group3,558-28-6241
426,Mabelle,Scott,false,race1,county3,2,218683,6,group2,546-66-6552
427,Rutter,Wilkerson,true,race3,county3,1,90197,7,group2,655-30-7531
428,Darb,Cervantes,true,race1,,5,214694,5,group2,728-10-6644
429,Shaina,Cannon,true,race3,county4,5,63074,0,group1,499-37-8950
430,Antoinette,Elliott,true,race3,county1,0,10646,8,group3,697-77-5126
431,Nertie,Scott,false,race1,county4,2,79215,2,group2,465-09-8239
432,Helaina,Watson,false,race1,county2,0,263060,9,group2,147-97-1315
433,Gerta,Cannon,false,race3,,1,171605,4,group1,168-58-0564
434,Sadye,Casey,false,race3,county1,0,229468,1,group1,362-13-0683
435,Chance,Hawkins,true,race2,,3,27827,4,group2,868-80-8212
436,Roselle,Watson,false,race1,county4,3,155202,6,group3,566-98-9558
437,Corby,Pollard,true,race2,county1,2,112270,4,group2,356-40-8179
438,Marcelia,Wilkerson,true,,county4,4,39969,6,group2,594-77-8909
439,Vi,Frank,false,race1,county1,2,203649,6,group3,754-64-0535
440,Steven,Wilkerson,true,,county1,2,135310,8,group2,
441,Andrey,Quinn,false,race2,county1,2,62802,10,group3,603-66-7193
442,Jessalyn,Lawson,true,race2,county2,5,109119,6,group2,879-76-0084
443,Conroy,Scott,true,race1,,4,88920,3,group2,383-80-9413
444,Velma,Le,false,,county4,5,135273,4,group1,382-45-4108
445,Archambault,Kirk,false,race1,,2,98843,8,group1,
446,Shaylah,Ward,true,race3,,0,97722,8,group3,
447,Kippy,Lawson,false,race3,county1,3,206466,0,group1,
448,Dionne,Le,true,race2,county4,1,176429,1,group1,818-40-9373
449,Maxy,Pollard,true,race2,county3,4,211488,9,group3,681-95-3538
450,Benjamen,Watson,false,race2,county3,3,221812,3,group2,684-83-6171
451,Noe,Casey,true,race2,county1,1,112178,2,group1,
452,Saunders,Pollard,true,race3,county1,3,25572,2,group3,696-14-8911
453,Janeczka,Cervantes,false,race2,county4,3,17482,1,group1,424-54-3499
454,Emlynne,Owen,true,race3,county4,0,120560,2,group2,
455,Hynda,Waters,true,race1,,5,140018,0,group2,
456,Alric,Hoffman,true,race1,county2,0,240283,5,group3,440-94-8751
457,Dedie,Lawson,true,race3,county4,0,91857,1,group1,186-78-0742
458,Geri,Brooks,false,race3,county1,2,105311,8,group2,163-35-9570
459,Bel,Elliott,true,race3,,1,105779,5,group3,723-66-0403
460,Russ,Owen,true,race3,,5,144501,5,group1,715-25-8624
461,Pyotr,Cannon,true,race1,county3,4,252009,0,group2,
462,Leesa,Elliott,false,race1,county2,5,65861,7,group1,802-75-0309
463,Winston,Pollard,false,race2,,3,37946,6,group1,262-32-3526
464,Ernestus,Pollard,,race2,county3,5,253769,10,group2,223-92-3140
465,Broderic,Brooks,true,race2,county4,3,95594,7,group2,298-98-9384
466,Dalenna,Pollard,false,race2,county4,0,222504,1,group3,623-29-3437
467,Valida,Owen,true,race3,,5,195650,9,group3,243-35-5275
468,Dinny,Hawkins,true,,county4,3,252901,3,group1,192-42-8199
469,Ad,Owen,false,,county1,0,53145,9,group2,201-51-4726
470,Geraldine,Ward,true,race2,county4,0,37371,9,group1,594-06-0776
471,Ginnie,Hale,true,race1,county3,5,67232,5,group2,807-49-0848
472,Gloriana,Scott,false,race1,county3,1,252516,7,group3,314-91-0866
473,Davey,Ward,false,race1,county4,4,68813,8,group1,
474,Violette,Hale,true,race1,county1,1,107768,6,group2,183-56-5841
475,Allegra,Lawson,false,race1,county2,0,293092,8,group1,492-33-5474
476,Hogan,Cervantes,false,race1,county4,4,125756,9,group1,536-48-5451
477,Kitty,Hoffman,true,race3,county1,1,177207,2,group3,230-56-8934
478,Elke,Frank,false,race2,county1,2,250057,9,group1,
479,Gwenneth,Ward,,race3,county1,0,168385,6,group1,457-89-3747
480,Bethina,Quinn,false,race2,county3,5,192945,10,group1,247-42-4165
481,Hugo,Lawson,false,race2,county1,2,195438,1,group2,657-93-7202
482,Ari,Hoffman,false,race2,county1,3,213924,6,group1,400-52-1213
483,Karlee,Lawson,true,race3,county1,2,159001,10,group2,388-69-8618
484,Gwen,Elliott,false,race3,,4,124689,3,group3,464-68-5193
485,Luce,Watson,false,race1,county1,5,96377,9,group2,880-33-7385
486,Odette,Cannon,true,race3,county2,0,125967,5,group1,
487,Micaela,Casey,,,county2,2,105971,10,group1,895-30-8987
488,Dov,Cannon,true,race3,county1,5,135646,5,group1,115-60-8731
489,Betta,Wilkerson,false,race3,county1,5,257567,10,group2,202-96-5392
490,Sam,Cannon,true,race1,county4,0,293871,2,group1,656-70-2915
491,Deanna,Brooks,false,race3,county3,1,48283,9,group1,540-97-9760
492,Celesta,Brooks,true,race3,,4,240955,3,group3,702-86-0212
493,Lizzie,Elliott,false,,,1,89985,4,group3,518-73-2650
494,Ross,Waters,true,,county4,5,132513,3,group1,682-17-0715
495,Tedman,Owen,true,race1,,4,157613,10,group1,
496,Margalit,Casey,false,race1,county1,4,209167,8,group1,236-33-5703
497,Kearney,Hawkins,true,race3,county3,2,92520,0,group3,638-61-6236
498,Fairleigh,Frank,true,race2,county3,1,192330,6,group2,531-47-6007
499,Ferd,Quinn,true,race3,county1,2,231441,9,group3,385-11-9231
500,Mariana,Owen,false,race1,county1,5,26652,6,group3,
501,Grete,Hoffman,false,race1,,3,230139,4,group2,278-72-5383
502,Kaspar,Casey,true,race1,county3,3,294853,7,group3,
503,Eleni,Scott,true,race3,county1,3,61532,5,group3,383-01-7915
504,Dav,Quinn,false,,county3,5,85330,6,group2,492-65-3100
505,Shara,Waters,false,race2,county3,3,235206,3,group3,621-59-2037
506,Bonita,Elliott,true,race2,county4,5,124499,6,group3,702-35-5199
507,Bambi,Elliott,true,race2,county4,1,299447,6,group3,133-76-9980
508,Georgeanne,Hale,,race1,county4,0,152462,10,group2,122-05-0060
509,Salomo,Cannon,false,race2,county2,4,178844,5,group2,357-47-1247
510,Jean,Casey,false,race3,county4,3,194948,10,group2,220-09-7805
511,Zea,Casey,true,race3,county1,1,141007,10,group1,
512,Angelica,Owen,true,race2,county3,3,10205,2,group2,615-41-1435
513,Markos,Owen,false,race3,county1,2,222389,6,group3,722-13-1559
514,Ward,Quinn,false,race2,county1,3,211112,7,group2,870-91-0509
515,Harrietta,Hawkins,false,race2,,1,295818,3,group1,
516,Nanci,Lawson,,race3,county1,2,194236,7,group2,897-99-0715
517,Sena,Hoffman,,race3,county1,3,63287,4,group1,299-83-5881
518,Johnny,Cannon,true,race1,county3,3,37380,1,group3,794-14-7611
519,Webb,Cervantes,true,race2,county2,0,165461,1,group1,242-74-0416
520,Emmy,Hoffman,true,race1,county2,2,215426,8,group2,114-23-6714
521,Pauly,Hawkins,false,race2,county3,4,286180,9,group1,
522,Evan,Hawkins,true,race1,,3,83485,3,group3,736-30-6536
523,Nert,Hoffman,false,race2,county4,2,243275,8,group1,689-89-5374
524,Eleonore,Quinn,true,race3,county3,5,263838,7,group3,474-94-4178
525,Garik,Casey,false,race3,county1,2,95317,6,group2,574-79-4419
526,Eunice,Lawson,false,race3,county1,0,103935,5,group3,258-04-9100
527,Jolene,Frank,false,race1,county4,2,167583,9,group3,698-68-8662
528,Debby,Scott,true,,,5,39953,2,group2,275-85-5563
529,Katinka,Lawson,false,race3,county1,3,129694,5,group2,600-18-9008
530,Keary,Ward,false,race3,,3,120407,8,group1,402-31-6518
531,Marysa,Elliott,true,race3,,3,66203,8,group3,434-47-5313
532,Saidee,Le,false,race1,county4,4,250449,3,group3,807-87-7741
533,Shelley,Owen,true,race3,,1,15360,0,group3,846-62-7528
534,Rafaello,Waters,true,race2,county3,0,139063,5,group3,373-22-2553
535,Meghann,Hale,true,race3,county1,5,11567,5,group1,828-80-6501
536,Cleon,Hale,true,race3,,5,199088,6,group2,670-83-1649
537,Normy,Owen,true,race3,county1,4,246532,10,group2,477-96-4668
538,Lexine,Le,true,race1,county3,4,132889,5,group3,144-09-7049
539,Philis,Cannon,true,,county2,4,37598,5,group3,759-39-5774
540,Carola,Cervantes,false,race1,county1,0,180090,5,group2,626-57-1702
541,Celinka,Lawson,true,race2,county3,1,268313,10,group3,739-14-8649
542,Hatti,Owen,false,race3,county1,2,268662,7,group2,457-04-4074
543,Tome,Casey,false,race1,county2,1,154800,8,group1,781-25-5180
544,Izabel,Le,true,race2,county3,0,25277,7,group1,610-54-9034
545,Bary,Ward,true,race3,,0,150315,4,group2,570-55-2325
546,Jordain,Watson,true,race2,,4,123165,8,group1,657-06-0531
547,Elnora,Brooks,false,,county2,4,133142,6,group1,667-07-7460
548,Karisa,Watson,true,race2,county3,4,104502,10,group1,
549,Demetra,Cervantes,false,race2,county1,4,47304,3,group3,
550,Christoph,Ward,false,,county1,1,55794,9,group1,169-27-9658
551,Willabella,Kirk,false,race2,county1,1,267210,0,group3,355-39-8011
552,Karney,Wilkerson,false,,,3,134054,5,group2,450-52-2667
553,Lynnet,Ward,false,race2,county4,0,33444,8,group1,635-18-6304
554,Ailsun,Scott,true,,county4,0,258779,7,group2,
555,Harlen,Brooks,,,county2,3,132023,7,group1,498-89-8411
556,Madelaine,Hawkins,false,race2,county3,4,298136,6,group2,565-04-8451
557,Estel,Elliott,true,,county4,2,57278,8,group1,752-44-3538
558,Collete,Hawkins,false,race1,county3,1,225503,9,group3,416-24-6175
559,Kenna,Hawkins,true,race1,county3,1,108940,0,group3,729-19-3997
560,Grenville,Quinn,false,race3,,4,23455,8,group2,480-53-6770
561,Clerissa,Owen,false,race2,county4,1,93592,4,group1,529-84-5076
562,Lisette,Scott,true,race3,county3,4,254393,10,group1,845-79-9039
563,Thom,Quinn,,race1,county1,3,262387,2,group1,695-23-9826
564,Dunstan,Brooks,false,race1,county2,2,249501,10,group1,812-77-2300
565,Jarid,Le,true,race1,county4,2,261557,0,group2,844-99-9940
566,Kiersten,Quinn,true,race2,,5,55816,0,group1,898-01-8018
567,Esta,Watson,true,race1,county2,0,117481,5,group2,268-46-4872
568,Nola,Le,true,,county3,2,80570,9,group2,204-67-4737
569,Alick,Cervantes,true,race2,county3,0,263447,0,group3,498-34-1001
570,Lorant,Quinn,true,race3,county1,4,40335,2,group1,544-72-6684
571,Dermot,Elliott,,race2,county2,2,294175,0,group3,225-19-5426
572,Gusella,Owen,true,race3,,4,233910,0,group2,117-40-5630
573,Massimo,Casey,false,race2,county3,5,211046,9,group3,
574,Sharla,Frank,true,race1,,4,137195,3,group3,306-17-6404
575,Emanuel,Scott,true,race2,,1,172702,5,group2,488-56-1639
576,Harper,Kirk,false,race2,county2,0,32847,6,group2,197-43-5348
577,Normand,Ward,false,race2,county2,4,218742,9,group3,604-53-9580
578,Claudell,Elliott,true,race2,county4,0,77175,0,group2,507-12-2324
579,Collette,Owen,false,race1,county3,2,14526,5,group2,203-54-7177
580,Terrye,Brooks,false,race3,,4,266345,6,group2,648-30-4816
581,Willetta,Frank,true,race3,county1,3,87841,6,group2,654-54-3815
582,Ramonda,Hoffman,false,race1,county4,4,93573,2,group3,468-81-8421
583,Duffie,Hawkins,true,,,4,74987,5,group2,494-89-2265
584,Gustav,Owen,true,race3,county1,4,264794,3,group1,271-14-3428
585,Rori,Waters,true,,county4,1,40331,8,group2,
586,Jakob,Cervantes,true,race2,county1,2,34896,8,group2,
587,Sherlocke,Ward,false,,county1,2,218614,9,group1,453-40-0447
588,Sarge,Ward,true,race3,,5,172799,3,group1,869-21-8921
589,Dorie,Hawkins,false,race2,,3,242037,0,group2,
590,Mayer,Hawkins,false,race2,county2,1,180703,8,group3,
591,Farrel,Hale,true,race2,county1,0,122863,2,group1,377-20-3760
592,Tasia,Pollard,false,race2,,2,115191,0,group2,276-27-8930
593,Dana,Kirk,true,race1,county3,2,121945,7,group1,771-34-3460
594,Adoree,Watson,false,race3,,4,133520,8,group2,160-92-0782
595,Kimbell,Cervantes,true,race2,county2,5,33225,3,group1,
596,Hollyanne,Watson,true,race1,county2,2,41913,5,group1,225-84-7519
597,Ardelis,Hawkins,true,race1,,5,94338,10,group3,533-52-0945
598,Coleen,Le,true,race2,,4,218289,6,group1,701-54-9226
599,My,Owen,false,race1,county1,3,96436,10,group3,827-36-1566
600,Siusan,Cannon,false,race1,county1,0,206746,1,group1,494-96-2274
601,Olag,Casey,true,race1,county3,0,94309,9,group2,799-17-8756
602,Dominga,Hawkins,false,race1,,0,73145,5,group1,752-27-1119
603,Gunar,Watson,true,race3,county1,5,242218,0,group3,783-91-0608
604,Lynn,Pollard,false,race3,county1,0,41953,9,group3,405-36-5663
605,Brandea,Hale,false,race2,county4,1,82542,1,group2,689-16-5711
606,Tasha,Hawkins,false,race1,county3,3,116076,5,group3,
607,Saree,Cannon,false,race3,county3,3,214194,10,group1,378-02-8327
608,Fawne,Pollard,false,race1,county1,5,196570,7,group3,828-79-3081
609,Jarvis,Waters,false,race3,,5,195816,10,group3,844-55-0796
610,Dolph,Brooks,false,race3,,3,52014,2,group1,150-91-4988
611,Beck,Hale,false,race3,county1,5,262579,9,group3,676-40-7651
612,Stefanie,Hoffman,false,race1,county4,5,104701,2,group2,262-15-5059
613,Simonette,Hawkins,,race3,county1,3,146145,6,group2,510-04-6955
614,Wash,Pollard,false,race3,county1,0,191418,2,group2,429-28-9762
615,Robby,Elliott,true,race1,county1,1,61589,6,group2,691-82-4775
616,Al,Le,true,race2,county3,1,98817,5,group1,473-45-4797
617,Melvin,Cervantes,,race1,county1,3,189058,10,group2,190-55-7419
618,Felic,Ward,false,race1,county2,5,35119,8,group1,333-50-9660
619,Carma,Pollard,true,,county4,2,232992,8,group2,
620,Joell,Ward,false,race2,county1,4,118504,7,group1,868-18-5760
621,Carmon,Cervantes,true,race3,county1,3,217444,10,group3,406-24-0242
622,Cherri,Lawson,true,race2,county4,1,104026,10,group3,169-18-4591
623,Hallie,Cervantes,true,,county4,0,125936,1,group3,530-16-5863
624,Hazel,Hawkins,true,race3,county4,5,197365,6,group2,435-76-8193
625,Margarita,Cervantes,true,race3,county1,4,60341,9,group3,815-81-5783
626,Doreen,Frank,true,race1,,5,10345,5,group3,645-51-2881
627,Charleen,Hawkins,true,race2,,0,207927,3,group3,838-43-1035
628,Katti,Le,false,race2,county2,0,132397,0,group3,334-75-0948
629,Ailene,Hale,true,race3,county2,0,30071,8,group1,739-44-6865
630,Bobinette,Cervantes,false,race1,county4,1,29555,7,group2,753-31-9174
631,Cindra,Waters,false,race1,county1,4,121633,5,group3,891-38-4618
632,Ethelin,Lawson,true,race3,,2,98178,8,group2,208-88-1929
633,Lindon,Ward,true,race3,county1,5,73021,9,group1,728-19-1190
634,Donall,Hale,false,race3,county1,1,239612,2,group3,191-10-9374
635,Annabella,Owen,false,race2,county3,0,207652,6,group1,775-35-5071
636,Lou,Lawson,true,,county2,4,112610,4,group1,
637,Sayre,Casey,true,race1,county2,1,271704,6,group1,413-45-8707
638,Rosemonde,Kirk,false,race3,county1,2,128219,6,group1,
639,Ros,Cannon,false,race2,county2,2,14008,4,group1,589-37-6519
640,Anson,Waters,false,race1,county3,0,137378,7,group2,667-18-5302
641,Friedrick,Elliott,false,race2,county1,4,294266,3,group3,
642,Kerri,Cannon,true,race1,,5,163112,0,group2,762-48-2567
643,Leelah,Owen,false,race2,,2,83384,2,group3,
644,Isabella,Scott,,race3,county1,0,268044,10,group2,743-44-6110
645,Cynde,Pollard,true,race2,county3,3,246843,2,group3,825-68-9620
646,Sully,Le,false,race1,county3,3,160493,8,group2,798-18-3426
647,Kaylil,Hale,false,race2,county4,5,247026,0,group1,727-08-9179
648,Netty,Ward,false,race2,county2,0,291186,7,group2,404-61-4770
649,Pedro,Cannon,true,race1,county2,4,285031,6,group2,690-71-7721
650,Connie,Hoffman,false,race1,county4,2,289303,9,group1,182-28-4914
651,Cosette,Cervantes,false,,county2,0,181826,3,group2,287-26-2958
652,Ellary,Hoffman,false,,county2,0,57718,9,group1,815-27-7933
653,Lorilee,Waters,false,race3,county1,0,84466,0,group3,657-08-8185
654,Sharron,Le,false,race3,county2,4,84941,9,group2,
655,Sherry,Wilkerson,true,race2,county2,4,203605,8,group1,
656,Weber,Casey,false,race2,county3,1,108142,5,group3,757-44-6583
657,Ingar,Hawkins,true,race2,county4,0,282927,2,group2,156-92-1563
658,Free,Elliott,true,race1,county4,0,220050,8,group3,359-20-6066
659,Holt,Hoffman,false,race1,county2,3,114943,0,group2,505-10-5673
660,Wesley,Le,false,race3,county1,0,69678,2,group2,264-24-7610
661,Mag,Quinn,false,race2,county2,4,202901,1,group3,181-69-8791
662,Maurice,Casey,false,,county1,1,146778,2,group3,641-50-5854
663,Jordanna,Lawson,true,race1,,5,38060,9,group2,332-89-6143
664,Abeu,Hawkins,true,race1,county3,3,25638,4,group2,811-54-3201
665,Woody,Quinn,true,race3,,1,273985,8,group3,789-26-3907
666,Michal,Pollard,false,race1,,2,57322,0,group2,811-27-9104
667,Ewart,Scott,false,race2,county3,3,174141,5,group2,632-67-4279
668,Pam,Hoffman,true,race3,,2,241446,6,group1,120-56-8549
669,Igor,Cannon,false,,county4,0,15389,4,group3,420-63-8540
670,Hernando,Waters,true,race3,county4,0,280398,0,group3,883-38-5155
671,Lorette,Lawson,false,race3,county1,5,160569,7,group3,
672,Katleen,Cannon,true,race2,county3,2,76885,8,group3,339-08-3940
673,Terry,Frank,,race2,county4,0,40645,6,group2,601-08-1172
674,Agnola,Lawson,true,race3,county4,2,53230,7,group2,192-81-3331
675,Tara,Quinn,false,race2,county3,1,113415,4,group2,560-37-7627
676,Theo,Lawson,false,race1,county1,1,275884,9,group2,278-10-3426
677,Templeton,Hawkins,false,race2,,5,169608,7,group2,657-67-7218
678,Drusi,Cannon,true,race3,county1,0,77792,4,group3,233-66-8939
679,Diann,Watson,false,race2,county3,3,42691,10,group3,187-10-0583
680,Weidar,Elliott,,,county4,3,238980,3,group1,260-93-0355
681,Petey,Hawkins,,race1,county3,5,270869,0,group3,843-49-4044
682,Malynda,Cervantes,true,race2,county1,0,183355,2,group1,283-92-3013
683,Austin,Kirk,true,race3,county2,1,106627,9,group2,231-23-6842
684,Maury,Hale,false,race2,county2,4,107760,4,group1,133-40-5091
685,Bartolomeo,Ward,true,race1,county1,0,107181,10,group3,625-86-1282
686,Carolyn,Le,false,race1,county2,1,245500,2,group2,539-50-9146
687,Deva,Cervantes,true,race2,county3,3,231505,2,group2,547-49-1646
688,Abby,Elliott,false,race3,,2,73897,4,group1,431-15-8817
689,Pauly,Watson,false,race2,,1,40271,1,group2,774-61-2207
690,Fan,Cannon,false,race2,county4,4,155404,9,group3,236-68-0503
691,Hort,Casey,false,race3,county4,1,179495,6,group2,776-23-3827
692,Fidelity,Le,true,race2,county4,2,120436,10,group3,468-94-1256
693,Lance,Brooks,true,race3,,0,175744,6,group1,805-83-7169
694,Tadd,Ward,false,race3,county2,1,213449,4,group3,544-17-0142
695,Dall,Quinn,true,race1,,4,225294,9,group3,377-75-7054
696,Clemmie,Wilkerson,true,race3,,1,144238,2,group2,473-42-8092
697,Marcellus,Cannon,false,race1,,2,223559,6,group1,184-97-6949
698,Isis,Elliott,true,race1,county4,3,277078,5,group1,137-29-9912
699,Vikki,Brooks,true,race1,county2,1,152554,8,group3,588-01-7355
700,Kellie,Scott,true,race3,county1,0,138524,8,group3,600-71-0171
701,Eba,Cannon,false,race3,county4,4,276924,10,group2,669-47-6740
702,Alon,Watson,true,race1,,3,235105,10,group3,687-36-0868
703,Bessie,Hale,true,race3,county1,0,139985,9,group1,
704,Carlene,Owen,true,race2,county1,2,216230,6,group3,702-36-7404
705,Ebony,Kirk,false,race1,,4,224261,9,group1,221-29-7084
706,Sutton,Pollard,,race2,county2,3,77460,1,group1,316-69-8142
707,Aloin,Ward,false,,county4,2,65131,6,group2,397-94-7759
708,Luelle,Hale,false,race2,county2,2,241275,6,group1,542-85-9320
709,Aura,Hawkins,false,race1,county1,1,267347,9,group2,593-79-9200
710,Shelbi,Cannon,false,race2,county2,3,260516,3,group1,882-22-0859
711,Ive,Wilkerson,false,race3,county1,1,126916,2,group2,793-10-5749
712,Lissy,Kirk,true,race3,county1,2,256561,6,group2,
713,Katerina,Brooks,false,race1,,0,16145,0,group3,577-64-6476
714,Ashbey,Cannon,true,race1,county2,3,67540,8,group1,757-41-7648
715,Saunder,Ward,true,race2,county4,5,222983,5,group3,318-40-7190
716,Georgina,Le,true,race2,county3,1,188572,1,group2,
717,Caria,Watson,true,race2,county3,4,245857,8,group1,
718,Emelen,Casey,true,race1,county2,0,241662,6,group2,196-94-3818
719,Dolorita,Scott,false,race3,county1,5,167436,6,group1,738-47-8221
720,Kelly,Elliott,false,race1,county2,5,299321,2,group2,148-41-6031
721,Nobie,Hoffman,true,race3,county1,3,77950,6,group2,783-87-4851
722,Philbert,Brooks,,race3,county1,2,132886,5,group3,850-34-4001
723,Maximilien,Hawkins,,race1,county2,0,48524,3,group2,757-71-0051
724,Torry,Hoffman,true,race3,,2,186699,5,group2,724-27-2944
725,Maren,Frank,true,race3,,3,124764,9,group3,737-42-9980
726,Linnea,Ward,true,race1,county2,2,13265,1,group3,842-30-9015
727,Glen,Scott,false,race1,county1,3,17968,9,group1,715-60-7799
728,Rudd,Owen,true,race1,county4,1,219486,10,group3,869-67-1542
729,Sybille,Waters,true,race3,county2,4,212688,10,group3,752-97-6943
730,Vanya,Scott,false,race3,county1,0,102391,9,group3,529-78-3536
731,Christi,Hawkins,false,race1,county3,1,189861,8,group1,736-91-4322
732,Lanny,Cannon,true,race2,county4,1,208580,2,group2,813-95-4381
733,Christine,Cannon,false,race1,county1,1,155181,4,group3,834-05-0073
734,Ailina,Hale,,,,3,178834,6,group1,208-62-2617
735,Bel,Waters,,race2,county4,5,281557,9,group3,486-95-9763
736,Maris,Hale,false,race1,county1,3,190802,4,group3,369-58-2985
737,Currey,Owen,false,race2,county2,0,132263,1,group3,520-28-5782
738,Dyanna,Elliott,,race3,,4,74140,8,group3,396-06-0819
739,Jethro,Ward,true,race3,,3,137844,9,group1,153-26-6292
740,Cass,Watson,true,race1,county2,5,77817,0,group1,174-62-5567
741,Carmine,Scott,true,race2,county3,2,28297,4,group3,298-43-7002
742,Renard,Le,true,race1,county3,5,57383,0,group2,348-80-9112
743,Golda,Le,true,race1,county2,2,248524,9,group1,
744,Jodee,Hawkins,false,race3,county1,2,119587,7,group3,604-16-3875
745,Mirna,Lawson,false,race2,county2,1,282482,9,group3,714-85-6269
746,Claudio,Watson,true,race2,county1,4,202677,0,group1,214-85-2700
747,Shelden,Lawson,,race1,county1,4,225701,5,group3,
748,Kirsteni,Owen,false,race1,county4,5,272122,1,group2,790-88-9238
749,Cheryl,Elliott,true,race3,,2,187178,5,group1,705-78-3538
750,Hesther,Le,true,race3,county4,0,228506,7,group1,584-74-0773
751,Jocelyn,Ward,true,race2,county3,4,133725,7,group1,138-06-1046
752,Dennet,Elliott,false,,county2,1,100516,2,group1,753-11-5953
753,Shell,Ward,false,race1,county3,4,69240,6,group1,440-32-0263
754,Jorge,Hoffman,true,race1,,2,145532,9,group1,166-78-0539
755,Kimberlyn,Scott,,race2,,2,290974,7,group1,439-67-0544
756,Codie,Hoffman,true,race2,county3,4,244740,7,group3,605-84-5167
757,Reginauld,Casey,true,race2,,2,174121,5,group3,317-82-3916
758,Findley,Brooks,true,race1,county4,5,255002,10,group3,664-78-8398
759,Freddie,Hoffman,true,race3,county1,1,200198,0,group2,172-65-9492
760,Tailor,Hawkins,true,race2,county1,5,10546,6,group1,
761,Paulina,Waters,false,race3,county1,5,278794,1,group1,
762,Curtis,Hale,true,race2,county2,1,249842,0,group3,416-37-4708
763,Jacintha,Owen,false,,county4,3,135537,5,group1,471-82-8886
764,Darby,Waters,false,race2,county2,3,157719,3,group1,
765,Marcello,Pollard,false,race1,county1,1,196915,4,group3,706-28-6825
766,Keely,Owen,true,,county3,4,10899,8,group2,566-47-6961
767,Mendy,Elliott,true,race1,county2,5,36648,7,group2,657-81-5671
768,Louisette,Cannon,true,race1,county4,1,211513,7,group2,898-21-3384
769,Evangeline,Brooks,false,race1,county2,2,123291,2,group3,177-48-7479
770,Roth,Waters,true,race1,,2,216735,4,group1,200-23-2039
771,Emelia,Cervantes,false,race1,county4,0,89382,9,group2,391-74-7542
772,Wilfred,Wilkerson,false,race3,county1,4,220519,4,group1,
773,Marquita,Cannon,false,race3,county1,3,243502,1,group3,853-82-1738
774,Jan,Scott,true,race2,,2,92708,4,group3,
775,Vanni,Cannon,true,race2,county1,1,18401,1,group3,316-46-3505
776,Bondy,Ward,true,,county3,4,103389,7,group2,105-43-6633
777,Trever,Hoffman,false,race1,county2,0,240758,7,group2,854-04-5118
778,Broderick,Brooks,true,race1,county3,0,110008,5,group1,155-13-1393
779,Lenci,Wilkerson,true,race1,county1,5,96062,6,group2,208-35-3026
780,Veronique,Hale,true,,,5,250804,6,group3,
781,Keslie,Lawson,,race1,county2,1,101335,3,group3,646-91-4839
782,Emera,Frank,false,race2,,4,123938,9,group2,281-81-5971
783,Tatum,Elliott,true,race3,county1,2,254831,8,group3,642-01-2780
784,Emelda,Frank,false,race3,county2,0,87972,9,group3,838-01-8569
785,Maurise,Scott,false,race2,,1,56505,4,group3,382-45-2870
786,Eddie,Waters,,,county3,4,191482,10,group2,635-02-4050
787,Barnett,Pollard,false,race3,county1,4,75030,5,group2,355-53-4396
788,Leonerd,Owen,true,race1,county2,4,75107,7,group3,
789,Michel,Hale,false,,county2,3,230055,7,group3,519-95-7048
790,Kristoforo,Cannon,false,race3,county1,2,73580,8,group3,
791,Romy,Cervantes,true,race1,,2,54566,5,group3,790-94-9742
792,Manolo,Hale,false,race3,county1,2,181325,9,group3,189-73-3796
793,Rayner,Cannon,true,race3,,5,98207,3,group2,577-25-5288
794,Ronica,Pollard,true,race3,county1,0,237544,5,group1,417-75-9385
795,Dareen,Kirk,false,race1,,1,133200,8,group2,434-85-3581
796,Katerine,Brooks,true,race3,county1,1,107133,8,group1,409-53-0556
797,Halsy,Pollard,true,race3,,5,103084,0,group3,226-18-7012
798,Fletcher,Elliott,true,,county1,2,90134,10,group3,451-29-6730
799,Celestine,Le,true,,county4,0,284835,4,group2,288-94-8537
800,Osbourne,Le,false,race3,county1,3,101055,9,group1,273-84-5926
801,Misty,Brooks,false,race1,county3,5,280120,6,group2,595-37-2803
802,Padriac,Elliott,false,race3,,3,88281,9,group1,375-62-2890
803,Chloris,Scott,false,race1,county4,0,149630,5,group1,780-63-0963
804,Gaylord,Hale,,race3,county1,4,255090,8,group1,
805,Veronique,Elliott,true,race3,county1,1,24399,6,group1,299-03-7954
806,Tom,Brooks,false,race3,county1,0,198351,7,group3,221-18-5492
807,Kristi,Scott,false,race3,county1,2,24873,6,group3,282-19-9434
808,Quincey,Frank,,,county1,1,279518,3,group3,768-70-0839
809,Hinda,Owen,false,race1,,4,56507,7,group2,
810,Darill,Casey,false,race3,county1,1,77961,2,group2,253-52-6655
811,Shepperd,Owen,,,county1,4,270649,9,group2,
812,Corene,Wilkerson,true,,county2,3,277279,4,group3,208-35-8457
813,Rori,Brooks,true,,,5,194653,9,group2,292-44-2926
814,Alric,Hale,false,race3,county4,2,33966,0,group3,556-48-7753
815,Valma,Le,true,race3,county4,2,267558,4,group3,453-50-0264
816,Neron,Casey,true,race1,county4,3,21496,2,group3,225-22-5384
817,Amie,Waters,true,race1,,2,229049,10,group3,801-98-3103
818,Drusi,Frank,,race3,,4,167013,5,group2,529-60-5031
819,Rosie,Scott,false,race1,county2,4,250656,0,group1,744-74-9753
820,Julie,Ward,true,race1,county1,3,87428,2,group2,269-73-1801
821,Thomasa,Brooks,false,race1,,4,110153,3,group2,
822,Alick,Cannon,false,race1,,4,179525,9,group2,285-45-2518
823,Ladonna,Hawkins,true,race1,,0,222287,2,group3,791-43-3785
824,Troy,Casey,false,,,0,215933,1,group3,491-84-7808
825,Brit,Pollard,true,,county3,0,96316,3,group3,280-84-3829
826,Tamra,Lawson,false,race1,county2,4,48276,7,group3,510-46-5022
827,Daniele,Elliott,false,race1,county2,0,29810,10,group1,596-59-6606
828,Johan,Cannon,false,race3,county1,2,80190,8,group3,709-76-0564
829,Christophe,Quinn,false,race1,county2,1,87050,5,group3,
830,Kasey,Lawson,false,,county2,4,101808,6,group3,382-02-5152
831,Adaline,Casey,true,race1,county1,3,170204,9,group2,401-86-6981
832,Addy,Watson,true,race1,county3,2,227900,8,group1,693-36-7291
833,Marnia,Waters,true,race2,county2,4,35281,1,group3,501-44-6089
834,Vivienne,Watson,true,race1,county2,0,276651,2,group1,121-63-7422
835,Eugenie,Waters,true,race2,county1,1,287677,7,group1,332-92-7247
836,Bordie,Kirk,false,,county4,5,161610,1,group2,
837,Rodina,Pollard,true,race3,county2,3,36330,2,group2,636-70-4325
838,Gusella,Pollard,true,race1,,5,127382,3,group3,122-88-9131
839,Denni,Brooks,true,race3,county1,3,143860,3,group1,248-19-6944
840,Trefor,Hoffman,false,race2,county3,0,173497,6,group3,677-33-7669
841,Bran,Quinn,,race3,county1,4,71660,3,group1,548-11-9782
842,Lars,Kirk,true,race1,,1,187893,8,group1,555-28-6637
843,Orly,Hale,false,race3,county4,2,58713,0,group1,183-60-4667
844,Christophe,Hawkins,true,race1,,0,80546,5,group3,
845,Roxanna,Hoffman,true,race2,county1,0,99970,2,group3,179-71-6679
846,Marchall,Hale,false,race3,county1,2,226286,8,group1,434-34-7656
847,Celestina,Cervantes,true,race3,county1,3,189998,5,group3,287-59-9017
848,Arlena,Cannon,true,race2,,2,166879,3,group3,610-04-7733
849,Delano,Le,,race2,county1,3,194416,4,group3,330-32-5823
850,Hedvige,Brooks,false,race1,county4,3,19852,8,group1,466-88-5021
851,Essa,Hoffman,false,race2,county2,2,296876,6,group3,469-57-5347
852,Charmain,Casey,true,race2,county3,4,212669,1,group3,849-22-5087
853,Daryn,Watson,,race3,county1,3,156494,10,group3,812-59-7066
854,Katie,Cervantes,true,race1,,3,217934,10,group1,397-34-4447
855,Belicia,Brooks,false,race3,county3,0,174235,0,group1,
856,Sisile,Cervantes,false,race2,county3,3,189821,9,group1,879-69-3677
857,Claudio,Brooks,false,race3,county4,4,235380,10,group1,761-42-6449
858,Evey,Scott,false,race1,county4,2,29529,6,group1,853-34-7417
859,Eduino,Waters,false,race2,county2,4,48059,0,group2,577-02-9473
860,Gus,Lawson,false,race3,county1,2,191615,4,group2,315-33-0650
861,Julie,Scott,false,race1,county2,4,165692,5,group1,542-81-6311
862,Darbee,Hawkins,,race2,county1,2,278000,10,group3,779-86-0891
863,Harv,Quinn,true,race3,county2,5,153102,8,group3,750-78-7505
864,Gwendolen,Pollard,true,race2,county3,3,94112,5,group3,372-79-4813
865,Alvy,Cannon,true,race2,county4,3,179992,2,group2,830-71-0311
866,Gabie,Waters,false,race1,county3,3,134119,4,group3,292-27-6875
867,Jacquelyn,Cervantes,,race3,county1,3,297434,9,group1,867-17-6338
868,Meryl,Pollard,true,race3,county3,4,243049,0,group2,436-68-0413
869,Kori,Owen,,race1,county4,0,41727,3,group1,890-55-4298
870,Lock,Brooks,false,race3,,5,207647,5,group1,438-82-8691
871,Lars,Pollard,false,race1,county3,3,257459,10,group1,410-53-3063
872,Tallou,Kirk,true,race1,county2,3,45815,7,group3,493-82-6841
873,Morissa,Pollard,false,race2,county2,3,102082,1,group2,243-22-0757
874,Hilton,Hale,false,race3,county3,4,64191,10,group3,707-31-8877
875,Currey,Lawson,false,race3,county1,3,282716,4,group2,
876,Rocky,Watson,true,race3,county1,2,213364,10,group2,786-54-2583
877,Maryann,Casey,false,,county4,5,284874,6,group3,878-02-2665
878,Anson,Hoffman,false,race2,county1,4,241172,1,group1,138-82-4712
879,Blair,Kirk,,race3,county1,4,110528,6,group3,672-20-3043
880,Aida,Waters,true,race2,,5,29938,2,group2,
881,Melina,Cannon,false,race2,,2,39938,4,group3,
882,Cyrillus,Cannon,false,race2,county3,3,55833,0,group1,605-24-8806
883,Milissent,Ward,false,race3,county1,0,45043,7,group3,422-67-4992
884,Cathyleen,Pollard,,race3,county4,2,63732,1,group2,679-93-1940
885,Dode,Scott,false,race1,county1,0,175589,9,group1,202-71-9682
886,Kienan,Ward,true,race3,county3,0,44150,8,group2,780-48-1386
887,Elladine,Pollard,false,race3,county1,3,202260,10,group2,290-29-0576
888,Maureen,Hale,,race2,county1,0,193408,1,group1,
889,Cherilyn,Hale,false,race2,county3,4,213445,7,group2,
890,Anatole,Waters,true,race2,county2,2,79101,0,group1,492-66-3567
891,Riccardo,Watson,false,race3,,4,28474,9,group1,463-70-5141
892,Richard,Kirk,true,race3,county1,0,261625,6,group2,181-08-1001
893,Nadiya,Cervantes,true,race1,county1,2,173702,6,group2,185-94-9129
894,Hermia,Watson,false,race3,county1,2,103448,3,group1,738-57-0340
895,Chickie,Hoffman,true,race1,county4,4,198335,4,group3,372-60-5402
896,Tildie,Hale,true,race1,county1,3,269789,10,group3,792-67-5619
897,Hillary,Hoffman,true,race3,county2,3,102926,6,group1,868-26-6977
898,Hedwiga,Elliott,true,race3,county1,2,264130,7,group1,348-12-9348
899,Irv,Casey,true,race1,county2,4,57474,1,group1,363-68-1270
900,Burtie,Cannon,true,race1,county1,1,194884,2,group3,894-32-7694
901,Gwenore,Owen,true,race1,county1,0,84242,2,group1,745-61-6692
902,Ulises,Brooks,,race1,county4,3,64332,2,group1,282-43-0576
903,Lyndel,Lawson,false,race3,county1,4,162617,5,group2,134-03-6488
904,Maurene,Ward,true,race3,county1,5,209056,7,group3,247-30-0740
905,Winthrop,Wilkerson,,race1,county3,3,33554,2,group3,219-33-1461
906,Kale,Hoffman,true,race1,,0,57463,5,group1,127-80-4253
907,Peter,Wilkerson,false,race2,county4,5,42805,5,group2,333-13-6102
908,Kristofer,Frank,true,race1,county3,3,266596,6,group3,542-86-4508
909,Belvia,Watson,false,race1,county4,3,253946,1,group3,637-79-2439
910,Evangelia,Waters,false,race1,county3,2,60744,9,group1,516-31-1169
911,Maryanna,Scott,true,race3,county3,4,244074,10,group2,663-47-7483
912,Skell,Wilkerson,true,race2,,5,178037,3,group2,
913,Alyce,Hawkins,false,race3,county1,0,69085,3,group2,522-76-8251
914,Merridie,Ward,true,race3,county2,2,127962,1,group1,534-77-6263
915,Cloris,Casey,false,race2,county1,3,24041,3,group1,153-87-0427
916,Gideon,Waters,true,race3,county1,3,164516,0,group2,111-92-5544
917,Chelsie,Lawson,true,race3,county1,2,284354,7,group1,603-60-9795
918,Fielding,Cervantes,false,race3,,4,257790,3,group3,220-79-7621
919,Garwin,Elliott,true,race1,,5,87090,6,group3,
920,Kienan,Frank,false,race1,county1,4,128184,0,group3,609-53-1140
921,Merrel,Hawkins,false,race2,,5,130557,1,group1,892-51-7298
922,Ben,Hale,true,race2,county2,0,183560,5,group1,
923,Sibel,Waters,false,race1,county4,2,141225,5,group3,197-10-5300
924,Row,Watson,false,race2,county4,5,42125,3,group3,493-50-1049
925,Giles,Le,false,race2,county3,3,109793,4,group2,
926,Elliott,Waters,true,race2,county4,0,237290,9,group3,738-39-3202
927,Eadith,Quinn,false,race1,county3,4,64671,3,group2,117-75-6829
928,Mathew,Pollard,,,county1,5,142284,0,group2,866-24-1223
929,Arnold,Brooks,true,race3,county1,4,230584,3,group2,620-15-4987
930,Charmain,Hoffman,false,race2,county2,5,139030,8,group2,753-69-7569
931,Huntington,Owen,false,race1,county3,2,273244,5,group3,409-19-2866
932,Aime,Lawson,false,race1,county4,1,201269,9,group3,155-89-7557
933,Zarah,Le,false,race1,,4,257274,3,group2,418-38-7158
934,Emmett,Scott,false,,county2,5,222103,10,group1,
935,Hadrian,Le,,,,1,161795,0,group2,616-26-5041
936,Elle,Hoffman,false,race1,county2,5,103149,9,group1,172-97-9597
937,Salvidor,Brooks,,race2,county4,0,196848,0,group2,641-98-8681
938,Ursula,Watson,false,race2,county1,2,153901,0,group1,145-53-3385
939,Eustacia,Scott,false,,county1,4,196748,10,group3,659-01-0008
940,Nehemiah,Hawkins,false,race1,county2,0,276265,8,group2,415-06-1861
941,Rozalie,Lawson,true,race3,county1,4,270133,7,group3,454-47-1584
942,Blakelee,Casey,false,race2,county1,5,238648,9,group1,294-11-4067
943,Grover,Owen,false,race3,county3,5,143599,2,group1,335-40-3019
944,Nickolaus,Hoffman,true,race2,,5,165041,2,group3,193-58-9936
945,Ollie,Cervantes,true,race2,county4,4,27519,2,group1,703-66-4805
946,Heloise,Wilkerson,true,race2,county3,2,83532,4,group1,365-86-5423
947,Darell,Brooks,true,race2,county2,4,203325,9,group3,514-38-3858
948,Hope,Frank,false,race1,county3,3,115065,6,group1,
949,Marylinda,Le,false,race2,,5,31264,8,group3,298-34-1859
950,Erik,Waters,false,race2,county2,0,215686,7,group3,557-49-6824
951,Raynell,Lawson,true,race1,county2,4,225238,9,group2,764-18-1020
952,Allen,Hale,,,county2,2,226624,0,group1,560-21-6867
953,Gilbertina,Elliott,true,race3,county1,1,215265,3,group3,283-27-9431
954,Timi,Cannon,true,race2,county3,3,11938,8,group3,
955,Judas,Owen,true,race1,county2,4,48358,5,group1,
956,Teriann,Elliott,true,race1,county4,3,175919,9,group2,173-21-9576
957,Mollie,Hale,false,race2,county2,4,264749,5,group1,778-85-3554
958,Jorey,Cannon,true,race3,county1,1,87490,0,group2,233-32-0280
959,Donovan,Watson,false,race1,county2,3,178159,10,group3,359-06-6638
960,Lucia,Scott,true,race3,county1,4,195085,4,group1,712-60-5453
961,Mark,Brooks,true,race2,county1,1,229579,3,group3,254-42-3932
962,Merill,Cervantes,false,race3,county1,0,230998,0,group2,
963,Gerri,Elliott,true,race1,county4,0,21676,7,group2,314-62-6694
964,Verene,Le,true,race3,county1,3,152194,8,group3,457-25-7403
965,Maureene,Quinn,true,race2,county4,0,150271,10,group2,863-29-2663
966,Margarete,Watson,false,race1,county3,2,179568,0,group2,406-55-4224
967,Oona,Hale,false,race3,county2,0,153886,7,group2,474-46-3513
968,Kandace,Frank,true,race2,county2,5,122222,6,group3,319-29-5456
969,Nelli,Ward,false,race1,,3,114247,2,group2,475-58-6235
970,Breena,Waters,false,race3,,5,185802,5,group1,419-49-3438
971,Katha,Pollard,,race3,,1,37253,8,group1,
972,Ricca,Owen,true,race1,county1,2,169850,1,group3,856-11-7648
973,Corri,Lawson,false,race2,county3,0,135018,1,group3,269-57-2331
974,Atlanta,Hoffman,true,,county1,3,283834,0,group2,382-35-1039
975,Cynthy,Pollard,true,,county2,0,43303,2,group1,323-81-7800
976,Claire,Cannon,false,race3,county1,0,80208,10,group1,830-16-6221
977,Michelle,Elliott,false,race2,county3,5,109642,2,group3,299-22-0771
978,Fallon,Hale,true,race2,county4,4,275244,1,group2,174-84-8112
979,Elsworth,Brooks,false,race2,county2,4,216506,2,group2,123-21-7838
980,Gilbert,Hale,false,race2,county4,0,33216,3,group1,751-12-1981
981,Linnell,Hoffman,true,race2,county2,3,216020,2,group1,701-41-0099
982,Berton,Le,false,race1,county3,2,150469,10,group1,523-02-3234
983,Arturo,Brooks,true,race1,county1,3,233380,7,group3,386-36-1503
984,Carmella,Kirk,false,race3,county1,4,68249,3,group1,382-60-5438
985,Ibbie,Hawkins,true,race3,county1,3,167346,9,group1,551-14-1789
986,Sully,Pollard,false,race2,,4,291074,7,group1,230-18-8022
987,Towny,Pollard,false,race2,county2,5,130553,3,group3,341-06-4111
988,Jule,Le,false,race2,county4,1,125025,6,group2,
989,Cob,Scott,true,race3,,1,87527,3,group2,302-31-0222
990,Jessi,Pollard,false,race2,county4,0,55056,6,group2,761-57-4527
991,Cahra,Ward,false,race2,county2,4,111100,0,group2,843-22-8815
992,Rachele,Quinn,false,race3,county1,1,239592,9,group1,844-89-8291
993,Shirley,Hale,true,race2,county1,2,48938,4,group3,577-78-4265
994,Clarissa,Frank,false,,county4,3,205719,6,group1,
995,Virginia,Le,true,race1,,0,88020,9,group1,195-63-6857
996,Eziechiele,Casey,true,race1,county3,4,90965,2,group2,526-26-2486
997,Lind,Wilkerson,false,race3,county3,1,185116,10,group1,
998,Kaiser,Cannon,false,race2,county1,2,260049,6,group1,312-94-4448
999,Cassandre,Pollard,true,race3,county3,1,75604,2,group2,235-62-0230
1000,Galina,Hoffman,false,race1,county2,5,274010,7,group3,747-10-7242
